年度,順位,１着,２着,３着,４着～,騎乗回数,重賞出走,重賞勝利,勝率,連対率,複勝率,代表馬,騎手名
累計,,205,178,197,"1,758","2,338",52,4,8.8％,16.4％,24.8％,,佐々木大輔
2025,9,51,47,35,374,507,20,1,10.1％,19.3％,26.2％,ヴェローチェエラ,佐々木大輔
累計,,"1,642","1,372","1,155","7,021","11,190",772,82,14.7％,26.9％,37.3％,,戸崎圭太
2025,1,72,61,47,261,441,38,5,16.3％,30.2％,40.8％,ダノンデサイル,戸崎圭太
累計,,"1,741","1,920","2,053","19,164","24,878","1,187",49,7.0％,14.7％,23.0％,,幸英明
2025,13,39,32,29,418,518,26,2,7.5％,13.7％,19.3％,サンライズジパング,幸英明
累計,,601,812,871,"9,880","12,164",247,9,4.9％,11.6％,18.8％,,丹内祐次
2025,7,58,54,64,378,554,24,3,10.5％,20.2％,31.8％,マイネルエンペラー,丹内祐次
累計,,742,869,999,"10,938","13,548",481,12,5.5％,11.9％,19.3％,,大野拓弥
2025,25,25,21,32,284,362,15,0,6.9％,12.7％,21.5％,シルトホルン,大野拓弥
累計,,568,628,622,"5,598","7,416",259,12,7.7％,16.1％,24.5％,,鮫島克駿
2025,15,38,46,47,339,470,21,1,8.1％,17.9％,27.9％,サンデーファンデー,鮫島克駿
累計,,168,191,282,"4,017","4,658",39,1,3.6％,7.7％,13.8％,,菊沢一樹
2025,39,17,14,32,327,390,5,0,4.4％,7.9％,16.2％,カリボール,菊沢一樹
累計,,228,239,236,"3,054","3,757",95,6,6.1％,12.4％,18.7％,,斎藤新
2025,31,22,23,18,287,350,11,0,6.3％,12.9％,18.0％,テイエムスパーダ,斎藤新
累計,,587,702,718,"9,470","11,477",294,12,5.1％,11.2％,17.5％,,古川吉洋
2025,39,17,19,16,226,278,11,1,6.1％,12.9％,18.7％,シリウスコルト,古川吉洋
累計,,"1,108","1,230","1,091","8,977","12,406",721,22,8.9％,18.8％,27.6％,,三浦皇成
2025,19,29,44,27,231,331,17,0,8.8％,22.1％,30.2％,ウェットシーズン,三浦皇成
累計,,321,383,352,"3,320","4,376",185,11,7.3％,16.1％,24.1％,,団野大成
2025,16,37,41,35,283,396,20,1,9.3％,19.7％,28.5％,ヤマニンアルリフラ,団野大成
累計,,64,68,73,825,"1,030",15,2,6.2％,12.8％,19.9％,,吉村誠之助
2025,18,31,35,33,363,462,11,2,6.7％,14.3％,21.4％,ガイアフォース,吉村誠之助
累計,,33,28,26,193,280,21,5,11.8％,21.8％,31.1％,,Ｒ．キング
2025,41,16,15,9,95,135,10,3,11.9％,23.0％,29.6％,コスタノヴァ,Ｒ．キング
累計,,958,937,937,"8,212","11,044",551,36,8.7％,17.2％,25.6％,,北村友一
2025,13,39,42,30,248,359,35,2,10.9％,22.6％,30.9％,クロワデュノール,北村友一
累計,,205,282,303,"5,781","6,571",51,2,3.1％,7.4％,12.0％,,黛弘人
2025,90,4,10,11,169,194,1,0,2.1％,7.2％,12.9％,マイファミリー,黛弘人
累計,,254,303,342,"4,908","5,807",91,2,4.4％,9.6％,15.5％,,木幡巧也
2025,41,16,13,27,332,388,10,0,4.1％,7.5％,14.4％,ティラトーレ,木幡巧也
累計,,718,595,577,"4,134","6,024",301,25,11.9％,21.8％,31.4％,,横山武史
2025,4,63,47,43,270,423,30,2,14.9％,26.0％,36.2％,ナチュラルライズ,横山武史
累計,,364,394,404,"3,625","4,787",180,12,7.6％,15.8％,24.3％,,菅原明良
2025,23,26,29,38,313,406,26,1,6.4％,13.5％,22.9％,ウォーターリヒト,菅原明良
累計,,50,45,56,676,827,1,0,6.0％,11.5％,18.3％,,小林美駒
2025,33,21,16,22,209,268,0,0,7.8％,13.8％,22.0％,テイエムタリスマ,小林美駒
累計,,94,122,118,"1,490","1,824",42,0,5.2％,11.8％,18.3％,,田口貫太
2025,36,19,33,31,357,440,15,0,4.3％,11.8％,18.9％,レイナデアルシーラ,田口貫太
累計,,84,68,60,695,907,14,0,9.3％,16.8％,23.4％,,高杉吏麒
2025,17,36,44,38,333,451,9,0,8.0％,17.7％,26.2％,エイムインライフ,高杉吏麒
累計,,4,3,11,126,144,0,0,2.8％,4.9％,12.5％,,和田陽希
2025,90,4,3,11,126,144,0,0,2.8％,4.9％,12.5％,サドル,和田陽希
累計,,"1,371","1,235","1,230","10,421","14,257",809,55,9.6％,18.3％,26.9％,,内田博幸
2025,59,9,19,25,288,341,13,0,2.6％,8.2％,15.5％,ヨシノイースター,内田博幸
累計,,"1,094","1,067","1,054","8,959","12,174",747,48,9.0％,17.8％,26.4％,,藤岡佑介
2025,12,40,20,20,164,244,24,1,16.4％,24.6％,32.8％,タガノアビー,藤岡佑介
累計,,"1,307","1,204","1,071","9,709","13,291",662,51,9.8％,18.9％,27.0％,,松山弘平
2025,2,69,53,37,311,470,31,3,14.7％,26.0％,33.8％,パンジャタワー,松山弘平
累計,,250,231,267,"3,585","4,333",130,3,5.8％,11.1％,17.3％,,荻野極
2025,28,24,21,28,259,332,13,1,7.2％,13.6％,22.0％,エキサイトバイオ,荻野極
累計,,121,124,137,"2,185","2,567",31,0,4.7％,9.5％,14.9％,,小沢大仁
2025,21,27,23,28,292,370,10,0,7.3％,13.5％,21.1％,イケイケドンドン,小沢大仁
累計,,101,78,93,"1,586","1,858",17,0,5.4％,9.6％,14.6％,,横山琉人
2025,35,20,12,15,229,276,6,0,7.2％,11.6％,17.0％,マサノユニコーン,横山琉人
累計,,91,99,91,"1,169","1,450",26,1,6.3％,13.1％,19.4％,,今村聖奈
2025,59,9,12,6,139,166,2,0,5.4％,12.7％,16.3％,ムイ,今村聖奈
累計,,"4,595","3,483","2,801","14,308","25,187","2,071",365,18.2％,32.1％,43.2％,,武豊
2025,11,42,38,35,181,296,27,2,14.2％,27.0％,38.9％,メイショウタバル,武豊
累計,,"1,421","1,356","1,283","11,173","15,233","1,220",99,9.3％,18.2％,26.7％,,池添謙一
2025,31,22,16,15,167,220,27,2,10.0％,17.3％,24.1％,サンライズアース,池添謙一
累計,,902,925,"1,004","10,244","13,075",680,35,6.9％,14.0％,21.7％,,松岡正海
2025,70,7,14,21,214,256,12,0,2.7％,8.2％,16.4％,フクノブルーレイク,松岡正海
累計,,"2,179","1,635","1,363","7,687","12,864","1,057",146,16.9％,29.6％,40.2％,,川田将雅
2025,5,61,42,36,135,274,31,4,22.3％,37.6％,50.7％,ジャンタルマンタル,川田将雅
累計,,178,196,215,"4,165","4,754",96,5,3.7％,7.9％,12.4％,,杉原誠人
2025,59,9,11,11,188,219,13,2,4.1％,9.1％,14.2％,ファウストラーゼン,杉原誠人
累計,,484,485,493,"5,991","7,453",272,12,6.5％,13.0％,19.6％,,松若風馬
2025,65,8,10,21,215,254,9,1,3.1％,7.1％,15.4％,イングランドアイズ,松若風馬
累計,,583,522,484,"3,916","5,505",310,21,10.6％,20.1％,28.9％,,坂井瑠星
2025,3,67,52,45,253,417,29,2,16.1％,28.5％,39.3％,マスカレードボール,坂井瑠星
累計,,78,79,86,"1,325","1,568",4,0,5.0％,10.0％,15.5％,,松本大輝
2025,52,11,13,7,134,165,0,0,6.7％,14.5％,18.8％,エルサトアナ,松本大輝
累計,,27,41,39,687,794,0,0,3.4％,8.6％,13.5％,,鷲頭虎太
2025,65,8,5,12,105,130,0,0,6.2％,10.0％,19.2％,エンデュミオン,鷲頭虎太
累計,,14,16,24,429,483,0,0,2.9％,6.2％,11.2％,,石神深道
2025,54,10,13,16,204,243,0,0,4.1％,9.5％,16.0％,ブラックハヤテ,石神深道
累計,,4,2,4,121,131,0,0,3.1％,4.6％,7.6％,,遠藤汰月
2025,90,4,2,4,121,131,0,0,3.1％,4.6％,7.6％,パープルナイト,遠藤汰月
累計,,"1,834","1,760","1,683","10,559","15,836","1,163",114,11.6％,22.7％,33.3％,,岩田康誠
2025,21,27,30,23,209,289,22,1,9.3％,19.7％,27.7％,ロングラン,岩田康誠
累計,,"1,336","1,388","1,395","14,312","18,431","1,027",37,7.2％,14.8％,22.3％,,吉田豊
2025,52,11,15,21,208,255,15,0,4.3％,10.2％,18.4％,ピュアキアン,吉田豊
累計,,"1,527","1,852","1,800","16,778","21,957","1,110",50,7.0％,15.4％,23.6％,,和田竜二
2025,47,12,20,26,256,314,8,0,3.8％,10.2％,18.5％,ライトトラック,和田竜二
累計,,867,912,972,"10,425","13,176",645,25,6.6％,13.5％,20.9％,,石橋脩
2025,43,15,13,11,173,212,12,1,7.1％,13.2％,18.4％,ピコチャンブラック,石橋脩
累計,,"1,196","1,138","1,056","10,650","14,040",553,28,8.5％,16.6％,24.1％,,吉田隼人
2025,70,7,12,16,137,172,7,0,4.1％,11.0％,20.3％,プラムダンディ,吉田隼人
累計,,149,164,189,"3,252","3,754",37,1,4.0％,8.3％,13.4％,,荻野琢真
2025,90,4,3,3,110,120,0,0,3.3％,5.8％,8.3％,アムールリーベ,荻野琢真
累計,,"1,229","1,177","1,073","7,957","11,436",736,59,10.7％,21.0％,30.4％,,浜中俊
2025,33,21,17,23,162,223,21,2,9.4％,17.0％,27.4％,メイショウハリオ,浜中俊
累計,,247,304,367,"6,420","7,338",141,4,3.4％,7.5％,12.5％,,国分優作
2025,90,4,6,3,129,142,3,0,2.8％,7.0％,9.2％,キタノエクスプレス,国分優作
累計,,671,706,766,"7,738","9,881",319,11,6.8％,13.9％,21.7％,,丸山元気
2025,37,18,29,29,228,304,9,0,5.9％,15.5％,25.0％,ジャスパーロブスト,丸山元気
累計,,154,176,212,"3,676","4,218",64,1,3.7％,7.8％,12.8％,,藤懸貴志
2025,83,5,12,10,157,184,9,0,2.7％,9.2％,14.7％,ベガリス,藤懸貴志
累計,,508,504,515,"6,173","7,700",213,8,6.6％,13.1％,19.8％,,菱田裕二
2025,47,12,11,25,238,286,13,0,4.2％,8.0％,16.8％,ナムラアトム,菱田裕二
累計,,326,350,370,"4,931","5,977",244,10,5.5％,11.3％,17.5％,,石川裕紀人
2025,43,15,26,22,217,280,16,1,5.4％,14.6％,22.5％,イミグラントソング,石川裕紀人
累計,,52,63,77,"1,643","1,835",0,0,2.8％,6.3％,10.5％,,小林凌大
2025,109,2,2,2,78,84,0,0,2.4％,4.8％,7.1％,アースイオス,小林凌大
累計,,44,52,62,"1,463","1,621",3,0,2.7％,5.9％,9.7％,,小林脩斗
2025,99,3,4,7,135,149,0,0,2.0％,4.7％,9.4％,オールマキシマム,小林脩斗
累計,,98,131,152,"2,677","3,058",34,0,3.2％,7.5％,12.5％,,原優介
2025,45,14,14,14,331,373,8,0,3.8％,7.5％,11.3％,ルグランヴァン,原優介
累計,,120,102,110,"1,962","2,294",25,1,5.2％,9.7％,14.5％,,永島まなみ
2025,54,10,6,11,256,283,6,0,3.5％,5.7％,9.5％,バルダンツァ,永島まなみ
累計,,18,25,29,678,750,1,0,2.4％,5.7％,9.6％,,川端海翼
2025,109,2,8,6,168,184,0,0,1.1％,5.4％,8.7％,ユアフラッシュ,川端海翼
累計,,13,14,17,503,547,0,0,2.4％,4.9％,8.0％,,石田拓郎
2025,77,6,5,9,178,198,0,0,3.0％,5.6％,10.1％,レオテミス,石田拓郎
累計,,26,21,24,473,544,6,0,4.8％,8.6％,13.1％,,柴田裕一郎
2025,70,7,8,9,199,223,4,0,3.1％,6.7％,10.8％,レイピア,柴田裕一郎
累計,,8,9,11,117,145,1,0,5.5％,11.7％,19.3％,,舟山瑠泉
2025,65,8,9,11,117,145,1,0,5.5％,11.7％,19.3％,ソルレース,舟山瑠泉
累計,,2,3,10,105,120,0,0,1.7％,4.2％,12.5％,,森田誠也
2025,109,2,3,10,105,120,0,0,1.7％,4.2％,12.5％,クリノハレルヤ,森田誠也
累計,,"2,033","1,452","1,074","4,642","9,201",831,164,22.1％,37.9％,49.5％,,ルメール
2025,6,59,43,33,106,241,28,5,24.5％,42.3％,56.0％,アスコリピチェーノ,ルメール
累計,,975,"1,039","1,116","15,558","18,688",680,29,5.2％,10.8％,16.7％,,江田照男
2025,99,3,6,7,166,182,1,0,1.6％,4.9％,8.8％,ムーンストラック,江田照男
累計,,549,687,795,"10,503","12,534",411,16,4.4％,9.9％,16.2％,,柴田大知
2025,83,5,10,5,181,201,1,1,2.5％,7.5％,10.0％,コスモフリーゲン,柴田大知
累計,,469,548,579,"7,705","9,301",212,9,5.0％,10.9％,17.2％,,丸田恭介
2025,59,9,9,15,213,246,8,0,3.7％,7.3％,13.4％,アコークロー,丸田恭介
累計,,55,83,94,"2,263","2,495",17,0,2.2％,5.5％,9.3％,,原田和真
2025,109,2,3,4,98,107,0,0,1.9％,4.7％,8.4％,チュウワクリスエス,原田和真
累計,,111,155,200,"4,002","4,468",40,0,2.5％,6.0％,10.4％,,野中悠太郎
2025,99,3,4,9,162,178,2,0,1.7％,3.9％,9.0％,ジャンカズマ,野中悠太郎
累計,,104,112,131,"2,048","2,395",10,0,4.3％,9.0％,14.5％,,秋山稔樹
2025,65,8,10,14,181,213,2,0,3.8％,8.5％,15.0％,ホールシバン,秋山稔樹
累計,,117,153,157,"1,833","2,260",26,0,5.2％,11.9％,18.9％,,角田大和
2025,54,10,20,19,225,274,6,0,3.6％,10.9％,17.9％,ゴッドエスパーダ,角田大和
累計,,84,75,67,"1,097","1,323",12,0,6.3％,12.0％,17.1％,,西塚洸二
2025,45,14,11,9,167,201,3,0,7.0％,12.4％,16.9％,ファーヴェント,西塚洸二
累計,,7,4,5,127,143,0,0,4.9％,7.7％,11.2％,,田山旺佑
2025,70,7,4,5,127,143,0,0,4.9％,7.7％,11.2％,ツキノアカリ,田山旺佑
累計,,"2,980","2,545","2,247","13,892","21,664","1,791",189,13.8％,25.5％,35.9％,,横山典弘
2025,25,25,18,8,129,180,25,0,13.9％,23.9％,28.3％,レディネス,横山典弘
累計,,448,523,602,"8,891","10,464",401,19,4.3％,9.3％,15.0％,,酒井学
2025,70,7,8,9,216,240,9,1,2.9％,6.2％,10.0％,クリノメイ,酒井学
累計,,595,639,762,"10,197","12,193",280,7,4.9％,10.1％,16.4％,,太宰啓介
2025,99,3,6,9,119,137,0,0,2.2％,6.6％,13.1％,ワンダーキサラ,太宰啓介
累計,,214,234,260,"3,312","4,020",139,26,5.3％,11.1％,17.6％,,石神深一
2025,77,6,1,5,43,55,4,0,10.9％,12.7％,21.8％,ヒートオンビート,石神深一
累計,,93,114,133,"1,956","2,296",47,2,4.1％,9.0％,14.8％,,上野翔
2025,77,6,5,8,47,66,4,0,9.1％,16.7％,28.8％,フェーレンベルク,上野翔
累計,,74,92,76,"1,498","1,740",51,5,4.3％,9.5％,13.9％,,草野太郎
2025,65,8,4,1,43,56,5,1,14.3％,21.4％,23.2％,エコロデュエル,草野太郎
累計,,45,54,77,"1,036","1,212",53,0,3.7％,8.2％,14.5％,,大江原圭
2025,99,3,2,8,36,49,4,0,6.1％,10.2％,26.5％,ナイトスピアー,大江原圭
累計,,61,74,103,"1,735","1,973",39,1,3.1％,6.8％,12.1％,,小野寺祐太
2025,99,3,4,5,38,50,2,0,6.0％,14.0％,24.0％,タマモエース,小野寺祐太
累計,,325,381,537,"7,032","8,275",173,4,3.9％,8.5％,15.0％,,国分恭介
2025,59,9,13,10,130,162,3,0,5.6％,13.6％,19.8％,タガノアレハンドラ,国分恭介
累計,,258,274,287,"5,478","6,297",160,4,4.1％,8.4％,13.0％,,高倉稜
2025,77,6,8,4,108,126,1,0,4.8％,11.1％,14.3％,ルヴァンユニベール,高倉稜
累計,,106,113,129,"2,627","2,975",28,1,3.6％,7.4％,11.7％,,長岡禎仁
2025,99,3,10,14,142,169,1,0,1.8％,7.7％,16.0％,ダブルジョーク,長岡禎仁
累計,,151,174,193,"2,841","3,359",53,1,4.5％,9.7％,15.4％,,小崎綾也
2025,54,10,12,11,168,201,5,0,5.0％,10.9％,16.4％,クラスペディア,小崎綾也
累計,,92,127,140,"2,858","3,217",22,1,2.9％,6.8％,11.2％,,木幡初也
2025,123,1,4,1,80,86,3,0,1.2％,5.8％,7.0％,イサチルシーサイド,木幡初也
累計,,65,78,97,"1,990","2,230",20,0,2.9％,6.4％,10.8％,,木幡育也
2025,137,0,4,2,72,78,0,0,0.0％,5.1％,7.7％,オウケンシルヴァー,木幡育也
累計,,201,229,233,"3,426","4,089",79,0,4.9％,10.5％,16.2％,,武藤雅
2025,47,12,10,8,175,205,1,0,5.9％,10.7％,14.6％,シークレットヴァウ,武藤雅
累計,,58,66,41,847,"1,012",4,0,5.7％,12.3％,16.3％,,古川奈穂
2025,70,7,10,7,145,169,2,0,4.1％,10.1％,14.2％,サイモンブーケ,古川奈穂
累計,,13,7,21,596,637,0,0,2.0％,3.1％,6.4％,,水沼元輝
2025,123,1,0,7,96,104,0,0,1.0％,1.0％,7.7％,ベラトール,水沼元輝
累計,,22,30,33,777,862,1,0,2.6％,6.0％,9.9％,,河原田菜々
2025,109,2,4,2,148,156,0,0,1.3％,3.8％,5.1％,ゴッドヴァレー,河原田菜々
累計,,6,6,15,486,513,1,0,1.2％,2.3％,5.3％,,佐藤翔馬
2025,109,2,4,2,131,139,0,0,1.4％,4.3％,5.8％,グレイトクラウン,佐藤翔馬
累計,,1,8,8,197,214,0,0,0.5％,4.2％,7.9％,,橋木太希
2025,137,0,2,3,94,99,0,0,0.0％,2.0％,5.1％,ケングロリア,橋木太希
累計,,1,0,0,7,8,0,0,12.5％,12.5％,12.5％,,Ａ．バデル
累計,,225,182,166,"1,372","1,945",181,22,11.6％,20.9％,29.5％,,西谷誠
2025,123,1,1,2,8,12,1,0,8.3％,16.7％,33.3％,マテンロウジョイ,西谷誠
累計,,68,61,106,"1,325","1,560",47,4,4.4％,8.3％,15.1％,,江田勇亮
2025,137,0,0,2,13,15,2,0,0.0％,0.0％,13.3％,サペラヴィ,江田勇亮
累計,,215,171,151,"1,898","2,435",175,26,8.8％,15.9％,22.1％,,高田潤
2025,47,12,6,3,20,41,4,3,29.3％,43.9％,51.2％,アンクルブラック,高田潤
累計,,175,224,225,"2,772","3,396",145,13,5.2％,11.7％,18.4％,,小坂忠士
2025,123,1,3,3,8,15,3,0,6.7％,26.7％,46.7％,ネビーイーム,小坂忠士
累計,,130,132,180,"2,006","2,448",103,2,5.3％,10.7％,18.1％,,難波剛健
2025,99,3,2,3,37,45,3,0,6.7％,11.1％,17.8％,テイエムマジック,難波剛健
累計,,214,191,210,"2,287","2,902",143,11,7.4％,14.0％,21.2％,,五十嵐雄祐
2025,99,3,5,3,36,47,3,1,6.4％,17.0％,23.4％,ヴェイルネビュラ,五十嵐雄祐
累計,,78,61,96,"1,550","1,785",79,5,4.4％,7.8％,13.2％,,黒岩悠
2025,123,1,0,1,39,41,4,0,2.4％,2.4％,4.9％,ワールドスケール,黒岩悠
累計,,312,354,362,"5,324","6,352",137,5,4.9％,10.5％,16.2％,,鮫島良太
2025,137,0,5,2,52,59,0,0,0.0％,8.5％,11.9％,バルミラクル,鮫島良太
累計,,151,210,198,"2,562","3,121",96,5,4.8％,11.6％,17.9％,,中村将之
2025,109,2,3,1,26,32,2,0,6.2％,15.6％,18.8％,フリーダムレイン,中村将之
累計,,160,177,193,"3,102","3,632",42,3,4.4％,9.3％,14.6％,,田中健
2025,109,2,1,1,45,49,0,0,4.1％,6.1％,8.2％,イツモニコニコ,田中健
累計,,129,192,208,"3,480","4,009",54,0,3.2％,8.0％,13.2％,,伊藤工真
2025,109,2,0,4,39,45,0,0,4.4％,4.4％,13.3％,シュヴァルツリーベ,伊藤工真
累計,,66,72,81,"1,721","1,940",4,0,3.4％,7.1％,11.3％,,西村太一
2025,123,1,1,0,17,19,2,0,5.3％,10.5％,10.5％,ポッポノフェスタ,西村太一
累計,,104,133,166,"2,859","3,262",35,0,3.2％,7.3％,12.4％,,嶋田純次
2025,109,2,3,8,88,101,2,0,2.0％,5.0％,12.9％,リュウノタブーク,嶋田純次
累計,,144,143,114,"1,458","1,859",118,11,7.7％,15.4％,21.6％,,森一馬
2025,99,3,6,5,31,45,3,0,6.7％,20.0％,31.1％,ジューンベロシティ,森一馬
累計,,92,133,122,"2,627","2,974",19,0,3.1％,7.6％,11.7％,,城戸義政
2025,123,1,2,0,56,59,0,0,1.7％,5.1％,5.1％,キーウェーブ,城戸義政
累計,,77,90,85,"2,137","2,389",23,0,3.2％,7.0％,10.5％,,伴啓太
2025,90,4,7,0,40,51,4,0,7.8％,21.6％,21.6％,ローディアマント,伴啓太
累計,,68,60,104,"2,129","2,361",7,0,2.9％,5.4％,9.8％,,井上敏樹
2025,123,1,2,2,22,27,2,0,3.7％,11.1％,18.5％,コンテナワールド,井上敏樹
累計,,124,128,155,"2,070","2,477",30,1,5.0％,10.2％,16.4％,,川又賢治
2025,77,6,6,8,121,141,5,1,4.3％,8.5％,14.2％,エイシンフェンサー,川又賢治
累計,,134,148,147,"2,303","2,732",31,2,4.9％,10.3％,15.7％,,亀田温心
2025,83,5,5,6,117,133,3,0,3.8％,7.5％,12.0％,アロマデローサ,亀田温心
累計,,45,45,44,202,336,29,1,13.4％,26.8％,39.9％,,小牧加矢太
2025,77,6,10,8,34,58,5,0,10.3％,27.6％,41.4％,レッドバロッサ,小牧加矢太
