着順,枠番,馬番,馬名,性齢,斤量,騎手,タイム,着差,人気,単勝オッズ,後3F,コーナー通過順,厩舎,馬体重(増減),is_top3,距離,種類,天候,馬場
1.0,5,5,シーグルロス,牝2,51.0,★小林美,1:09.9,,9,50.3,35.2,2-2,美浦尾形,446(-10),1,1200,芝,曇,良
2.0,4,4,アニマレイ,牡2,55.0,佐々木,1:10.0,1/2,1,1.4,35.1,6-5,栗東須貝,468(0),1,1200,芝,曇,良
3.0,1,1,ヘクセンハウス,牝2,55.0,丹内,1:10.1,クビ,4,24.8,35.3,4-2,栗東吉田,408(+6),1,1200,芝,曇,良
4.0,2,2,ダイヤテソーロ,牝2,55.0,木幡巧,1:10.1,ハナ,6,32.4,35.6,1-1,美浦牧,430(0),0,1200,芝,曇,良
5.0,6,7,ジャストビート,牝2,55.0,岩田康,1:10.3,1.1/4,5,29.6,34.8,10-9,栗東安達,420(0),0,1200,芝,曇,良
6.0,5,6,マルモリラピダス,牡2,55.0,鮫島駿,1:10.3,クビ,3,5.8,35.3,6-5,栗東緒方,420(-2),0,1200,芝,曇,良
7.0,7,9,ルーセントムーン,牡2,55.0,斎藤,1:10.6,2,11,177.4,35.2,9-9,栗東高橋一,464(+4),0,1200,芝,曇,良
8.0,6,8,ステイフリー,牝2,52.0,▲古川奈,1:10.7,クビ,7,47.1,35.5,8-8,栗東高橋忠,444(0),0,1200,芝,曇,良
9.0,8,11,カレンショー,牡2,55.0,北村友,1:10.8,3/4,8,50.3,34.9,12-12,栗東安田,426(0),0,1200,芝,曇,良
10.0,7,10,ラインカシウス,牝2,55.0,古川吉,1:10.8,ハナ,12,198.8,35.1,11-11,美浦水野,390(+2),0,1200,芝,曇,良
11.0,3,3,ムーンリットアイル,牝2,55.0,藤岡佑,1:11.2,2,2,4.5,36.5,2-2,栗東武英,442(-8),0,1200,芝,曇,良
12.0,8,12,プレザントトーン,牝2,55.0,浜中,1:12.3,7,10,111.4,37.5,4-5,栗東武幸,444(-2),0,1200,芝,曇,良
1.0,5,6,ストラテージュ,牡3,54.0,▲古川奈,0:59.1,,5,11.6,35.4,3-2,栗東矢作,460(-6),1,1000,ダート,曇,良
2.0,6,7,コッコラーレ,牝3,51.0,★小林美,0:59.3,1.1/2,3,3.7,35.9,1-1,栗東鈴木孝,482(+4),1,1000,ダート,曇,良
3.0,8,12,ショウナンラリー,牡3,57.0,横山和,0:59.7,2,2,3.5,36.1,2-2,美浦嘉藤,488(-6),1,1000,ダート,曇,良
4.0,4,4,ダブルシルバー,牡3,54.0,▲柴田裕,1:00.0,1.3/4,6,14.8,36.0,6-5,栗東小椋,468(+6),0,1000,ダート,曇,良
5.0,5,5,オンサイト,牡3,54.0,▲橋木,1:00.2,1.1/2,10,54.0,36.5,3-4,美浦小西,462(-6),0,1000,ダート,曇,良
6.0,2,2,サッポロキタコ,牝3,52.0,▲森田,1:00.4,1,1,3.1,36.0,9-9,栗東田中克,472(-6),0,1000,ダート,曇,良
7.0,8,11,バスキュラリティ,牡3,57.0,鮫島駿,1:00.5,1/2,7,34.3,36.6,6-5,栗東羽月,460(-4),0,1000,ダート,曇,良
8.0,1,1,メイショウハボマイ,牡3,56.0,☆松本,1:00.5,クビ,4,9.3,36.4,8-8,栗東本田,466(+2),0,1000,ダート,曇,良
9.0,3,3,ウォーターカルミア,牝3,52.0,▲和田陽,1:00.6,3/4,8,40.5,36.0,11-11,栗東藤野,406(+6),0,1000,ダート,曇,良
10.0,7,10,ドラマツルギー,牝3,55.0,古川吉,1:00.8,1.1/4,11,62.7,35.5,12-12,栗東大根田,426(-2),0,1000,ダート,曇,良
11.0,6,8,ママアリガトー,牝3,55.0,小林脩,1:00.9,1/2,12,84.3,36.5,9-9,美浦石栗,430(+6),0,1000,ダート,曇,良
12.0,7,9,ブラックエトワール,牝3,55.0,丹内,1:02.7,大,9,42.7,39.0,3-5,美浦新開,446(-8),0,1000,ダート,曇,良
1.0,2,2,ペイシャアーサー,牡3,57.0,丹内,1:09.1,,2,3.3,34.8,1-1,美浦本間,454(-2),1,1200,芝,曇,良
2.0,6,7,ヒロノエクスカリバ,牡3,57.0,菅原隆,1:09.3,1,7,39.5,34.5,6-6,美浦小手川,442(+2),1,1200,芝,曇,良
3.0,7,9,ブラヴォケラトプス,牡3,53.0,★小林美,1:09.5,1.1/2,5,11.5,34.0,12-11,美浦辻,506(-4),1,1200,芝,曇,良
4.0,7,10,ロードステイタス,牡3,57.0,中井,1:09.6,クビ,6,22.1,34.8,6-6,栗東四位,456(+2),0,1200,芝,曇,良
5.0,5,6,アンビシャスヨシノ,牡3,56.0,☆松本,1:09.6,ハナ,3,5.9,35.2,2-2,栗東吉田,466(-2),0,1200,芝,曇,良
6.0,5,5,タッカーバリアント,牡3,57.0,鮫島駿,1:09.6,ハナ,4,9.6,35.0,3-4,美浦田島,468(0),0,1200,芝,曇,良
7.0,8,11,サマースピリット,牝3,55.0,浜中,1:09.7,クビ,1,2.0,35.1,3-3,美浦国枝,470(+2),0,1200,芝,曇,良
8.0,3,3,ファリア,牡3,54.0,▲古川奈,1:09.7,アタマ,8,74.7,34.6,9-9,美浦土田,450(+4),0,1200,芝,曇,良
9.0,6,8,スティルシャイニン,牡3,57.0,木幡巧,1:10.1,2.1/2,12,262.3,35.3,6-6,美浦天間,458(-2),0,1200,芝,曇,良
10.0,4,4,オースミストロング,牡3,57.0,古川吉,1:10.1,アタマ,10,118.7,35.0,9-9,栗東高橋亮,490(-2),0,1200,芝,曇,良
11.0,8,12,スペースリーガ,牡3,57.0,黛,1:10.2,1/2,11,187.6,35.0,9-11,美浦森一,458(-10),0,1200,芝,曇,良
12.0,1,1,ルナティックアイ,牡3,57.0,横山和,1:10.2,ハナ,9,88.7,35.6,3-4,美浦村田,430(-4),0,1200,芝,曇,良
1.0,6,6,ミッキーコンドル,牡3,57.0,藤岡佑,1:47.0,,2,2.4,37.8,3-3-2-1,栗東大久保,448(+4),1,1700,ダート,曇,良
2.0,8,9,サトミノエンジェル,牡3,57.0,横山武,1:47.3,1.1/2,1,2.2,37.7,6-7-7-7,美浦鈴木伸,512(-2),1,1700,ダート,曇,良
3.0,5,5,オオタチ,牡3,57.0,木幡巧,1:47.5,1.1/2,3,6.9,38.1,4-4-4-4,美浦久保田,454(+2),1,1700,ダート,曇,良
4.0,3,3,エポカリーナ,牡3,54.0,▲古川奈,1:47.7,1,4,7.7,38.3,6-4-4-4,美浦土田,456(+2),0,1700,ダート,曇,良
5.0,7,7,ジーティートゥルー,牡3,57.0,黛,1:47.8,3/4,6,21.9,38.4,9-9-4-4,美浦田島,450(+6),0,1700,ダート,曇,良
6.0,8,8,トモジャイブ,牡3,57.0,古川吉,1:47.8,アタマ,5,20.4,38.5,4-4-3-2,栗東大根田,484(0),0,1700,ダート,曇,良
7.0,2,2,クレドール,牝3,55.0,原田和,1:48.4,3.1/2,8,127.9,38.5,6-7-9-9,美浦小笠,474(+6),0,1700,ダート,曇,良
8.0,4,4,マナミン,牝3,52.0,▲橋木,1:48.7,1.3/4,7,55.0,39.1,2-2-7-8,栗東高橋康,438(-4),0,1700,ダート,曇,良
9.0,1,1,エムティヒララ,牝3,52.0,▲鷲頭,1:49.3,4,9,179.0,40.2,1-1-1-2,栗東千田,418(0),0,1700,ダート,曇,良
1.0,8,11,エスカレイト,牝2,51.0,★小林美,1:10.7,,3,4.5,34.6,3-3,栗東小栗,436(0),1,1200,芝,曇,良
2.0,8,12,ストームサンダー,牡2,55.0,岩田康,1:10.9,1.1/4,10,59.6,34.9,1-1,栗東安達,452(0),1,1200,芝,曇,良
3.0,1,1,スミッコディスコ,牡2,55.0,横山和,1:10.9,クビ,4,9.8,33.6,11-8,美浦鈴木慎,438(0),1,1200,芝,曇,良
4.0,5,5,タヤスロレンヌ,牝2,55.0,丹内,1:11.1,1.1/2,1,2.3,34.9,3-4,美浦岩戸,456(0),0,1200,芝,曇,良
5.0,4,4,ヨッシーリオ,牡2,52.0,▲森田,1:11.4,1.1/2,7,33.4,34.5,7-7,栗東北出,446(0),0,1200,芝,曇,良
6.0,7,10,セイウンダイフク,牡2,55.0,武豊,1:11.7,1.3/4,2,4.0,35.7,2-2,栗東宮本,434(0),0,1200,芝,曇,良
7.0,7,9,ライフイズ,牝2,52.0,▲和田陽,1:12.0,1.3/4,12,107.4,35.6,5-6,美浦鈴木慎,410(0),0,1200,芝,曇,良
8.0,5,6,スカイピア,牝2,55.0,三浦,1:12.1,3/4,5,12.8,34.5,12-11,栗東前川,432(0),0,1200,芝,曇,良
9.0,6,7,クレインヴォイス,牡2,55.0,木幡巧,1:12.4,1.3/4,11,86.0,35.2,9-8,美浦相沢,444(0),0,1200,芝,曇,良
10.0,3,3,マジッククッキー,牡2,55.0,横山武,1:12.8,2.1/2,8,33.6,35.7,8-10,美浦加藤士,474(0),0,1200,芝,曇,良
11.0,6,8,ビップレオン,牡2,55.0,鮫島駿,1:12.9,3/4,9,59.1,36.6,5-4,美浦田島,472(0),0,1200,芝,曇,良
12.0,2,2,スピネルテソーロ,牝2,55.0,佐々木,1:13.8,5,6,14.1,36.6,9-12,美浦栗田,460(0),0,1200,芝,曇,良
1.0,4,8,サクラアドリア,牡3,57.0,武豊,1:48.0,,1,2.2,36.0,11-13-9-6,美浦尾関,490(+6),1,1800,芝,晴,良
2.0,5,9,ヤマノインパクト,牡3,57.0,斎藤,1:48.0,ハナ,9,29.9,35.9,8-10-10-10,美浦本間,462(0),1,1800,芝,晴,良
3.0,6,12,コスモマガラニカ,牡3,57.0,丹内,1:48.2,1.1/2,3,7.8,36.8,3-4-2-1,美浦加藤士,436(0),1,1800,芝,晴,良
4.0,1,2,セレニティ,牝3,52.0,▲古川奈,1:48.3,1/2,11,33.2,36.1,11-10-10-8,美浦鹿戸,384(+14),0,1800,芝,晴,良
5.0,7,14,ヴァルチャースター,牡3,57.0,北村友,1:48.4,3/4,7,16.9,35.6,16-16-16-12,栗東池添,448(+20),0,1800,芝,晴,良
6.0,1,1,ココモナカ,牝3,55.0,鮫島駿,1:48.4,クビ,10,32.9,36.1,15-14-13-10,美浦和田勇,410(-4),0,1800,芝,晴,良
7.0,2,3,ベールドインパクト,牡3,57.0,岩田康,1:48.6,1,8,24.2,36.8,6-5-5-4,美浦小島,456(+4),0,1800,芝,晴,良
8.0,6,11,キタノアンシェル,牝3,55.0,小林脩,1:48.6,アタマ,14,179.5,36.8,11-10-5-4,美浦蛯名利,416(+2),0,1800,芝,晴,良
9.0,2,4,ファンタズマ,牡3,57.0,横山和,1:49.0,2.1/2,2,5.2,37.4,3-3-3-3,美浦上原佑,454(-6),0,1800,芝,晴,良
10.0,4,7,ドバイミッション,牡3,57.0,菱田,1:49.1,クビ,5,14.0,37.3,6-5-5-8,栗東辻野,542(0),0,1800,芝,晴,良
11.0,3,5,キントラダンサー,牝3,55.0,横山武,1:49.4,2,4,8.0,38.1,1-1-1-2,栗東長谷川,472(+4),0,1800,芝,晴,良
12.0,5,10,ウェカピポ,牡3,53.0,★小林美,1:49.8,2.1/2,12,66.3,38.1,2-2-3-6,美浦矢嶋,490(-10),0,1800,芝,晴,良
13.0,3,6,インヘリット,牝3,52.0,▲川端,1:49.9,1/2,16,275.2,37.3,11-14-15-12,美浦金成,422(+2),0,1800,芝,晴,良
14.0,8,16,エルモッソペンドロ,牡3,54.0,▲鷲頭,1:50.1,3/4,15,225.2,37.8,8-8-13-16,栗東西村,418(-2),0,1800,芝,晴,良
15.0,8,15,レディオンステージ,牝3,55.0,佐々木,1:50.1,アタマ,6,15.2,38.3,5-5-5-12,栗東西園正,498(+2),0,1800,芝,晴,良
16.0,7,13,レーヌドフルール,牝3,52.0,▲和田陽,1:50.7,3.1/2,13,117.8,38.6,8-9-10-15,栗東西園正,470(+2),0,1800,芝,晴,良
1.0,8,11,クリノハレルヤ,牝4,53.0,▲森田,1:08.9,,9,25.4,35.3,1-1,栗東武英,478(-2),1,1200,芝,晴,良
2.0,6,6,ムチャスグラシアス,牝4,56.0,丹内,1:09.0,3/4,10,41.7,34.7,4-4,美浦菊川,440(+2),1,1200,芝,晴,良
3.0,7,8,キタノクニカラ,牝3,50.0,▲古川奈,1:09.2,1.1/4,5,16.2,34.4,8-8,美浦小島,390(+2),1,1200,芝,晴,良
4.0,1,1,エスペシャリー,牝3,53.0,横山和,1:09.3,3/4,1,2.1,35.4,2-2,栗東四位,446(+4),0,1200,芝,晴,良
5.0,5,5,グランテレーズ,牝4,56.0,鮫島駿,1:09.3,クビ,6,16.2,34.8,5-5,栗東渡辺,468(+24),0,1200,芝,晴,良
6.0,7,9,スウィートリワード,牝4,56.0,浜中,1:09.3,クビ,2,4.0,34.7,6-6,栗東宮本,460(0),0,1200,芝,晴,良
7.0,2,2,プロクレイア,牝3,50.0,▲和田陽,1:09.4,クビ,4,8.6,34.6,8-8,栗東小林,470(+16),0,1200,芝,晴,良
8.0,6,7,ソアラ,牝5,53.0,▲橋木,1:09.5,1/2,8,22.7,34.9,6-6,栗東高橋康,466(0),0,1200,芝,晴,良
9.0,3,3,デアデルマーレ,牝5,52.0,★小林美,1:09.7,1.1/4,7,18.9,33.9,11-11,栗東坂口,474(0),0,1200,芝,晴,良
10.0,8,10,フクシマコウヨウ,牝3,50.0,▲川端,1:09.9,1.1/4,11,114.7,34.7,10-10,美浦小島,446(+8),0,1200,芝,晴,良
11.0,4,4,ナムラエデン,牝4,53.0,▲鷲頭,1:09.9,クビ,3,7.8,35.9,2-3,栗東小栗,452(0),0,1200,芝,晴,良
1.0,8,11,チュウワクリスエス,牡3,51.0,★小林美,1:45.1,,1,2.6,40.2,1-1-1-1,美浦栗田,490(+4),1,1700,ダート,晴,良
2.0,7,9,ライフゲート,セ3,55.0,丹内,1:45.3,1,4,7.0,39.4,6-5-5-2,美浦伊藤圭,514(+2),1,1700,ダート,晴,良
3.0,1,1,ルルシュシュ,牝5,56.0,佐々木,1:45.4,3/4,7,36.0,39.4,6-5-5-5,美浦金成,496(-2),1,1700,ダート,晴,良
4.0,5,5,ショウナンアトレ,牡3,52.0,▲和田陽,1:46.1,4,10,121.5,39.3,8-7-9-8,栗東梅田,462(-6),0,1700,ダート,晴,良
5.0,7,8,ブルーカミング,牡3,52.0,▲古川奈,1:46.2,3/4,6,17.8,40.1,9-9-7-6,栗東牧浦,478(+12),0,1700,ダート,晴,良
6.0,3,3,コスモシェルベット,牡3,55.0,横山武,1:46.4,1.1/4,3,6.1,41.1,2-2-2-2,美浦水野,436(0),0,1700,ダート,晴,良
7.0,6,7,レイズトワイライト,牡4,58.0,横山和,1:46.7,1.1/2,8,53.9,39.7,11-11-10-9,美浦田村,496(+2),0,1700,ダート,晴,良
8.0,4,4,タイヨウフレア,牝3,53.0,木幡巧,1:47.2,3,9,70.3,41.0,10-10-7-9,美浦杉浦,494(-2),0,1700,ダート,晴,良
9.0,8,10,アレーティア,牝3,53.0,浜中,1:47.4,1.1/4,5,7.4,42.1,3-3-2-2,栗東田中克,496(-4),0,1700,ダート,晴,良
10.0,6,6,ダオラダオラ,セ5,55.0,▲森田,1:48.1,4,11,217.1,41.0,5-7-11-11,美浦加藤和,480(+10),0,1700,ダート,晴,良
11.0,2,2,ドゥラリス,牝3,53.0,吉田隼,1:50.1,大,2,3.2,44.4,3-4-4-6,栗東吉岡,514(+2),0,1700,ダート,晴,良
1.0,8,9,シュバルツマサムネ,牡3,55.0,北村友,1:59.1,,4,8.9,34.5,5-5-5-4,栗東杉山佳,472(+16),1,2000,芝,晴,良
2.0,1,1,レクスノヴァス,牡3,55.0,岩田康,1:59.1,クビ,1,2.7,34.1,9-9-8-5,栗東上村,494(+2),1,2000,芝,晴,良
3.0,7,7,マイネルゼウス,牡3,55.0,丹内,1:59.7,3.1/2,2,2.7,35.7,3-1-1-1,美浦奥村武,410(-2),1,2000,芝,晴,良
4.0,5,5,サングラデーション,牡5,58.0,佐々木,1:59.9,1.1/4,9,43.8,35.1,6-6-6-5,美浦千葉,438(-2),0,2000,芝,晴,良
5.0,4,4,トゥルブレンツ,牝5,56.0,斎藤,2:00.2,1.3/4,10,65.4,35.3,6-7-6-8,栗東小栗,446(+12),0,2000,芝,晴,良
6.0,3,3,タルタロス,牡4,58.0,黛,2:00.2,クビ,8,37.5,34.9,10-10-10-9,美浦天間,460(+2),0,2000,芝,晴,良
7.0,7,8,マイバラード,牡5,58.0,木幡巧,2:00.3,クビ,6,19.7,36.2,4-4-2-2,美浦松永康,476(0),0,2000,芝,晴,良
8.0,2,2,ウィンスタンリー,牡3,55.0,横山武,2:01.0,4,3,5.2,36.9,2-3-2-2,美浦黒岩,480(-10),0,2000,芝,晴,良
9.0,6,6,ボルケーノ,牡4,58.0,鮫島駿,2:01.1,3/4,7,20.9,36.0,8-8-8-10,美浦堀,552(+2),0,2000,芝,晴,良
10.0,8,10,エイトスターズ,牝5,56.0,吉田隼,2:01.6,3,5,15.2,37.4,1-2-4-5,栗東坂口,476(0),0,2000,芝,晴,良
1.0,8,11,ウェイトゥゴー,牝4,56.0,横山和,1:45.6,,1,2.3,37.2,11-10-8-6,栗東昆,466(-4),1,1700,ダート,晴,良
2.0,7,9,オールマキシマム,牝5,56.0,小林脩,1:46.0,2.1/2,2,4.5,37.9,9-9-6-6,美浦奥平,456(+2),1,1700,ダート,晴,良
3.0,7,8,ミレニアムヒロイン,牝4,56.0,木幡巧,1:46.5,3,10,31.6,38.6,4-3-4-2,美浦池上,438(+2),1,1700,ダート,晴,良
4.0,2,2,グレイスオブゴッド,牝5,56.0,古川吉,1:46.7,1.1/4,5,12.4,38.2,8-8-10-9,栗東緒方,478(-2),0,1700,ダート,晴,良
5.0,5,5,クォーツァイト,牝4,56.0,斎藤,1:46.8,1/2,6,13.7,39.1,2-2-2-1,美浦斎藤誠,468(-4),0,1700,ダート,晴,良
6.0,1,1,スカンジナビア,牝6,56.0,中井,1:46.8,ハナ,11,40.5,39.1,1-1-1-2,栗東安達,486(-2),0,1700,ダート,晴,良
7.0,4,4,ミッキーマカロン,牝5,56.0,菱田,1:46.9,クビ,3,7.5,38.5,7-7-8-9,栗東大久保,456(-2),0,1700,ダート,晴,良
8.0,8,10,セイウンマカロン,牝4,56.0,丹内,1:46.9,クビ,4,9.9,38.9,4-5-4-5,美浦千葉,446(-2),0,1700,ダート,晴,良
9.0,3,3,アンブロジアーナ,牝6,56.0,鮫島駿,1:47.1,1,9,20.4,38.6,10-10-10-9,美浦上原博,422(-6),0,1700,ダート,晴,良
10.0,6,6,ルージュシュエット,牝4,56.0,北村友,1:47.1,ハナ,8,17.3,39.3,3-3-3-4,栗東矢作,450(+8),0,1700,ダート,晴,良
11.0,6,7,チェイスザウェイ,牝5,56.0,黛,1:47.9,5,7,17.0,39.6,6-6-7-8,美浦伊藤圭,474(+6),0,1700,ダート,晴,良
1.0,5,8,ヴェローチェエラ,牡4,56.0,佐々木,1:57.6,,10,13.0,34.7,8-10-9-2,栗東須貝,496(+2),1,2000,芝,晴,良
2.0,3,3,ハヤテノフクノスケ,牡4,56.0,横山武,1:57.9,1.1/2,6,9.0,35.3,4-4-4-5,栗東中村,532(-4),1,2000,芝,晴,良
3.0,7,12,マイネルメモリー,牡5,55.0,菱田,1:57.9,クビ,14,73.5,34.2,14-14-14-14,栗東宮,466(+2),1,2000,芝,晴,良
4.0,5,7,ディマイザキッド,牡4,56.0,岩田康,1:58.0,3/4,1,6.5,34.5,13-13-13-11,美浦清水英,460(0),0,2000,芝,晴,良
5.0,7,11,ランスオブクイーン,牝4,54.0,斎藤,1:58.1,クビ,8,11.8,35.2,7-7-9-8,栗東奥村豊,450(+4),0,2000,芝,晴,良
6.0,6,9,アルナシーム,牡6,59.0,藤岡佑,1:58.2,3/4,9,11.9,35.0,9-12-11-11,栗東橋口,452(+6),0,2000,芝,晴,良
7.0,4,6,サンストックトン,牡6,55.0,浜中,1:58.5,1.3/4,13,47.8,35.4,12-11-11-11,美浦堀内,468(0),0,2000,芝,晴,良
8.0,4,5,ボーンディスウェイ,牡6,57.0,木幡巧,1:58.7,1.1/4,7,10.7,36.3,3-3-2-2,美浦牧,498(-4),0,2000,芝,晴,良
9.0,3,4,キミノナハマリア,牝5,54.0,鮫島駿,1:58.7,クビ,11,16.2,36.1,4-4-4-5,栗東千田,512(+6),0,2000,芝,晴,良
10.0,8,14,トップナイフ,牡5,57.0,横山和,1:59.2,3,4,7.9,36.8,2-2-2-2,栗東昆,492(0),0,2000,芝,晴,良
11.0,8,13,マコトヴェリーキー,牡5,57.0,北村友,1:59.3,クビ,2,7.3,36.6,4-4-4-5,栗東上村,472(+6),0,2000,芝,晴,良
12.0,1,1,マイネルモーント,牡5,56.0,丹内,1:59.3,ハナ,3,7.4,36.5,9-7-7-8,美浦高木,466(-6),0,2000,芝,晴,良
13.0,6,10,グランディア,セ6,56.0,三浦,1:59.3,クビ,5,8.5,36.5,9-7-7-8,栗東中内田,480(-4),0,2000,芝,晴,良
14.0,2,2,アウスヴァール,セ7,55.0,古川吉,1:59.7,2,12,25.4,37.5,1-1-1-1,栗東昆,486(-6),0,2000,芝,晴,良
1.0,7,12,トウカイファクター,セ6,58.0,木幡巧,1:08.7,,11,34.2,34.3,1-1,美浦菊川,464(-4),1,1200,芝,晴,良
2.0,4,6,トウカイエルデ,牡4,58.0,鮫島駿,1:08.9,1.1/2,4,5.6,33.8,3-3,栗東茶木,452(-4),1,1200,芝,晴,良
3.0,8,14,ニタモノドウシ,牡3,55.0,北村友,1:09.0,3/4,2,4.6,33.6,5-6,美浦高木,468(0),1,1200,芝,晴,良
4.0,6,10,モジャーリオ,牡3,55.0,斎藤,1:09.2,1,1,3.7,33.9,4-4,美浦斎藤誠,462(-2),0,1200,芝,晴,良
5.0,7,11,スイミーユニバンス,牝5,56.0,藤岡佑,1:09.4,1.1/4,8,24.5,33.5,11-10,栗東平田,436(-4),0,1200,芝,晴,良
6.0,5,7,スーパーマン,牡5,58.0,菱田,1:09.4,クビ,13,49.9,33.7,8-9,美浦岩戸,490(-2),0,1200,芝,晴,良
7.0,6,9,アップストローク,セ6,58.0,浜中,1:09.4,ハナ,6,13.8,33.5,11-13,美浦杉浦,462(0),0,1200,芝,晴,良
8.0,2,2,アスクエピソード,牡5,58.0,丹内,1:09.5,1/2,5,13.7,34.1,5-5,栗東藤原,470(-8),0,1200,芝,晴,良
9.0,3,4,タイキヴァンクール,牡4,58.0,古川吉,1:09.5,クビ,3,5.0,34.0,7-7,栗東中尾,526(+2),0,1200,芝,晴,良
10.0,5,8,キングクー,牡6,58.0,川又,1:09.6,1/2,10,32.0,33.7,11-13,美浦根本,526(-4),0,1200,芝,晴,良
11.0,8,13,タイキエクセロン,牡6,58.0,佐々木,1:09.7,クビ,12,37.1,34.8,2-2,栗東西園翔,506(-2),0,1200,芝,晴,良
12.0,3,3,マルプリ,牝5,56.0,小林脩,1:09.7,クビ,7,19.2,34.0,8-10,美浦青木,474(-2),0,1200,芝,晴,良
13.0,4,5,パレフォーコン,牡6,58.0,岩田康,1:09.7,アタマ,9,30.2,34.0,8-7,栗東前川,456(-2),0,1200,芝,晴,良
14.0,1,1,シックザイン,牡6,58.0,小林美,1:10.0,1.3/4,14,77.9,34.0,14-10,美浦水野,478(-4),0,1200,芝,晴,良
1.0,5,8,エウテルペ,牝3,55.0,戸崎圭,1:47.4,,2,3.1,38.3,2-2-2-2,美浦和田郎,456(-4),1,1700,ダート,晴,良
2.0,7,12,リックメイン,牝3,55.0,ルメー,1:47.5,3/4,1,2.6,38.3,3-3-3-3,美浦武井,438(-2),1,1700,ダート,晴,良
3.0,2,2,ブラックモノリス,牝3,55.0,菊沢,1:48.2,4,8,48.2,39.2,1-1-1-1,美浦青木,472(+10),1,1700,ダート,晴,良
4.0,3,4,イザベルソレイユ,牝3,55.0,津村,1:48.4,1.1/4,3,4.1,39.1,3-3-3-3,美浦小西,476(-6),0,1700,ダート,晴,良
5.0,1,1,ドリームパンジャ,牝3,52.0,▲石神道,1:48.6,3/4,6,16.6,38.8,9-8-10-8,美浦金成,406(-6),0,1700,ダート,晴,良
6.0,3,5,カサビセンス,牝3,55.0,原,1:48.8,1.1/2,4,11.3,38.8,12-11-12-12,美浦加藤士,436(-6),0,1700,ダート,晴,良
7.0,4,7,サンマルレーヴ,牝3,55.0,岩部,1:49.1,2,7,30.8,39.6,5-5-6-5,美浦和田勇,424(-8),0,1700,ダート,晴,良
8.0,6,11,ノースカトレア,牝3,55.0,野中,1:49.5,2,5,14.3,39.9,8-8-9-8,美浦和田勇,504(-2),0,1700,ダート,晴,良
9.0,5,9,ウィズマイマミー,牝3,55.0,杉原,1:49.7,1.1/4,13,203.4,39.7,13-13-12-10,美浦田村,430(+6),0,1700,ダート,晴,良
10.0,2,3,プレイアブルゲーム,牝3,55.0,丸田,1:49.7,クビ,14,330.8,40.2,5-5-6-5,美浦小笠,424(-2),0,1700,ダート,晴,良
11.0,4,6,インマイハート,牝3,55.0,武藤,1:50.1,2,11,141.3,39.8,14-14-14-13,美浦水野,442(-2),0,1700,ダート,晴,良
12.0,8,15,タニセンダイヤ,牝3,52.0,▲石田,1:50.2,3/4,10,124.5,39.7,15-15-15-15,美浦根本,508(+7),0,1700,ダート,晴,良
13.0,6,10,ミルキーハニー,牝3,52.0,▲遠藤,1:51.5,8,9,70.9,42.1,5-5-5-5,美浦尾形,490(+8),0,1700,ダート,晴,良
14.0,7,13,スアーウィス,牝3,55.0,江田照,1:51.7,1,12,149.5,41.9,11-11-10-13,美浦水野,476(-6),0,1700,ダート,晴,良
15.0,8,14,シャンドネージュ,牝3,55.0,伊藤,1:52.4,4,15,354.5,42.9,9-10-6-10,美浦青木,486(-16),0,1700,ダート,晴,良
1.0,1,2,ラーシャローム,牡3,57.0,石川,2:40.6,,11,76.2,35.7,11-11-11-9,美浦奥村武,482(+2),1,2600,芝,晴,良
2.0,8,16,キロノヴァ,牡3,57.0,大野,2:40.6,ハナ,12,143.5,35.5,12-13-14-12,美浦萩原,434(-4),1,2600,芝,晴,良
3.0,3,5,ロンギングジェニー,牝3,55.0,丸田,2:40.8,1.1/2,6,23.8,36.1,7-8-7-9,美浦大竹,466(0),1,2600,芝,晴,良
4.0,2,3,マイネルフィスキオ,牡3,54.0,▲石神道,2:40.9,クビ,3,9.5,36.2,16-16-7-6,美浦佐藤吉,408(-10),0,2600,芝,晴,良
5.0,8,15,ポッポノフェスタ,牡3,57.0,西村太,2:41.0,3/4,5,14.8,36.3,9-9-7-6,美浦堀内,454(0),0,2600,芝,晴,良
6.0,4,7,モンツァフレイバー,牡3,57.0,野中,2:41.0,クビ,16,304.5,36.0,9-9-12-9,美浦久保田,450(-4),0,2600,芝,晴,良
7.0,5,10,トーセンカタルシス,牡3,57.0,内田博,2:41.3,2,15,247.6,35.6,14-14-15-15,美浦小笠,452(-2),0,2600,芝,晴,良
8.0,4,8,ボスポラス,牡3,57.0,吉田豊,2:41.4,1/2,13,229.1,35.6,14-14-15-15,美浦和田郎,464(+10),0,2600,芝,晴,良
9.0,3,6,マイネルラファール,牡3,57.0,柴田大,2:41.5,クビ,10,61.6,37.3,3-4-2-1,美浦畠山,468(+4),0,2600,芝,晴,良
10.0,7,13,リアライズハロック,牡3,57.0,原,2:41.5,クビ,8,35.8,37.1,6-6-4-3,美浦池上,474(+4),0,2600,芝,晴,良
11.0,2,4,タナハシ,牡3,57.0,菊沢,2:41.9,2,4,11.3,37.7,2-2-2-3,美浦伊坂,504(+8),0,2600,芝,晴,良
12.0,5,9,ウインオアシス,牡3,57.0,松岡,2:41.9,アタマ,2,5.6,37.5,7-6-4-3,美浦畠山,504(+6),0,2600,芝,晴,良
13.0,1,1,ナヴァラトゥナ,牡3,57.0,ルメー,2:41.9,アタマ,1,1.5,37.5,5-4-4-6,美浦上原佑,436(+4),0,2600,芝,晴,良
14.0,6,12,レジーナシルバルム,牝3,55.0,荻野極,2:42.6,4,9,47.3,38.5,1-1-1-2,美浦武井,462(-6),0,2600,芝,晴,良
15.0,7,14,ルディシャ,牡3,54.0,▲石田,2:43.5,5,14,245.8,38.8,3-3-7-13,美浦根本,460(-4),0,2600,芝,晴,良
16.0,6,11,デンジエンド,牡3,57.0,小沢,2:44.4,5,7,24.8,39.4,12-11-12-13,美浦小島,434(+4),0,2600,芝,晴,良
1.0,6,11,ラストレガシー,牡3,57.0,田辺,1:45.9,,1,2.2,36.8,3-3-1-2,美浦手塚久,484(-6),1,1700,ダート,晴,良
2.0,8,14,キタノマーシャル,牝3,55.0,津村,1:46.6,4,8,37.4,37.5,2-2-2-1,美浦奥平,502(-2),1,1700,ダート,晴,良
3.0,3,4,タキノボリ,牡3,57.0,戸崎圭,1:46.7,1/2,3,5.7,37.6,9-8-2-3,美浦勢司,460(+6),1,1700,ダート,晴,良
4.0,8,15,フロウオブタイム,牝3,55.0,石橋脩,1:47.8,7,6,21.0,38.4,4-6-5-5,美浦大和田,438(-2),0,1700,ダート,晴,良
5.0,4,6,ベネスピラ,牡3,57.0,荻野極,1:48.1,1.3/4,4,6.6,38.5,4-4-7-7,美浦鹿戸,450(-4),0,1700,ダート,晴,良
6.0,2,2,ボンズドゥッカ,牡3,57.0,野中,1:48.3,1.1/4,2,5.2,38.6,14-14-7-6,美浦西田,536(+2),0,1700,ダート,晴,良
7.0,1,1,レヴァントリ,牡3,57.0,原,1:48.4,3/4,7,21.1,38.5,8-8-10-9,美浦大和田,480(+6),0,1700,ダート,晴,良
8.0,5,8,ブレゲアン,牡3,57.0,江田照,1:48.5,クビ,14,160.2,38.4,12-11-13-13,美浦田村,462(-2),0,1700,ダート,晴,良
9.0,4,7,ユーウェイン,牡3,57.0,丸田,1:48.5,クビ,12,141.2,39.0,14-14-5-9,美浦高橋文,452(+12),0,1700,ダート,晴,良
10.0,2,3,アストラン,セ3,56.0,☆横山琉,1:48.6,1/2,9,38.2,38.4,12-13-13-9,美浦斎藤誠,468(-8),0,1700,ダート,晴,良
11.0,5,9,フェリアフローレス,牝3,55.0,小林凌,1:48.8,3/4,11,79.6,39.6,1-1-2-4,美浦小西,418(-4),0,1700,ダート,晴,良
12.0,6,10,サーフプラチナム,牝3,55.0,内田博,1:49.0,1,10,60.2,39.1,9-11-10-12,美浦古賀,470(+8),0,1700,ダート,晴,良
13.0,3,5,ノースグロリア,牡3,57.0,小沢,1:49.0,クビ,5,12.0,39.3,4-4-7-7,美浦加藤士,502(0),0,1700,ダート,晴,良
14.0,7,12,ノーブルプライム,牡3,54.0,▲土田,1:49.8,5,15,167.9,39.3,9-10-15-15,美浦田村,458(-1),0,1700,ダート,晴,良
15.0,7,13,イーサンペガサス,牝3,52.0,▲石田,1:50.0,1.1/4,13,158.4,40.0,7-6-10-13,美浦田中勝,484(-8),0,1700,ダート,晴,良
1.0,1,1,レイヤードレッド,牡3,57.0,嶋田,2:02.2,,3,4.3,35.0,3-3-3-4,美浦手塚久,470(-6),1,2000,芝,晴,良
2.0,4,7,ムーンストラック,牝3,55.0,江田照,2:02.4,1.1/4,4,7.0,34.8,4-5-8-8,美浦武市,446(-2),1,2000,芝,晴,良
3.0,3,5,クレプスクルム,牡3,57.0,ルメー,2:02.6,1,2,3.4,35.6,1-1-1-1,美浦上原博,458(-6),1,2000,芝,晴,良
4.0,4,6,ヴィジョンメーカー,牡3,57.0,内田博,2:02.6,アタマ,5,8.3,35.2,11-9-6-6,美浦林,518(-4),0,2000,芝,晴,良
5.0,5,9,マイネルボス,牡3,57.0,柴田大,2:02.6,ハナ,12,103.4,35.2,4-3-6-6,美浦伊藤大,432(-4),0,2000,芝,晴,良
6.0,6,10,コインアフレーズ,牝3,55.0,石橋脩,2:02.7,1/2,6,34.8,35.5,2-2-3-2,美浦中舘,440(-2),0,2000,芝,晴,良
7.0,7,12,ガーンディーヴァ,牝3,52.0,▲石神道,2:02.8,3/4,11,97.2,35.1,6-6-9-9,美浦柄崎,416(-4),0,2000,芝,晴,良
8.0,2,2,リワードパシオン,牡3,57.0,菊沢,2:02.8,アタマ,10,88.8,34.6,9-9-12-12,美浦勢司,446(-6),0,2000,芝,晴,良
9.0,2,3,マイネルトラオム,牡3,57.0,戸崎圭,2:03.0,1.1/4,1,2.9,35.1,6-6-11-11,美浦深山,466(-6),0,2000,芝,晴,良
10.0,6,11,シャイニーセーラー,牝3,54.0,☆横山琉,2:03.0,ハナ,9,61.2,35.8,14-15-3-4,美浦相沢,458(-6),0,2000,芝,晴,良
11.0,8,14,イサムダイヤモンド,牡3,57.0,吉田豊,2:03.1,1/2,7,51.4,35.4,14-12-9-9,美浦高橋文,480(0),0,2000,芝,晴,良
12.0,7,13,ラファヴォリット,牝3,55.0,杉原,2:03.3,1.1/4,8,58.6,35.0,12-12-14-14,美浦黒岩,464(-12),0,2000,芝,晴,良
13.0,5,8,ハッスルアニキ,牡3,57.0,原,2:03.9,3.1/2,13,123.0,36.8,6-6-2-2,美浦鈴木慎,458(-16),0,2000,芝,晴,良
14.0,8,15,ガスパール,牡3,57.0,丸山,2:04.1,1,15,175.4,36.0,12-12-12-12,美浦金成,488(-4),0,2000,芝,晴,良
15.0,3,4,フライハイ,牡3,57.0,野中,2:04.2,3/4,14,144.7,35.8,9-9-14-15,美浦中川,458(-8),0,2000,芝,晴,良
1.0,6,9,ロスパレドネス,牡2,55.0,ルメー,1:49.5,,1,2.2,35.6,6-6-6-6,美浦木村,496(0),1,1800,芝,晴,良
2.0,6,8,マイネルヴェーゼン,牡2,55.0,石川,1:49.8,2,7,28.9,35.1,10-10-9-8,美浦相沢,452(0),1,1800,芝,晴,良
3.0,8,13,ジーネキング,牡2,55.0,大野,1:50.0,1,3,5.4,36.7,3-3-3-2,美浦斎藤誠,478(0),1,1800,芝,晴,良
4.0,8,12,ミスターマーボー,牡2,55.0,原,1:50.3,2,8,29.0,36.7,5-5-5-4,美浦青木,428(0),0,1800,芝,晴,良
5.0,7,11,ニシノエースサマ,牡2,55.0,津村,1:50.4,1,6,19.6,37.1,3-3-3-4,美浦鹿戸,486(0),0,1800,芝,晴,良
6.0,7,10,セルジオ,牡2,55.0,岩部,1:50.8,2,13,255.5,36.3,11-11-8-8,美浦土田,488(0),0,1800,芝,晴,良
7.0,3,3,ニシノカルラ,牡2,55.0,野中,1:50.9,1,11,160.0,36.8,7-7-7-7,美浦和田勇,440(0),0,1800,芝,晴,良
8.0,5,6,ウールヴヘジン,牡2,54.0,☆横山琉,1:51.5,3.1/2,12,173.1,36.6,9-8-10-10,美浦青木,428(0),0,1800,芝,晴,良
9.0,1,1,モーリア,牝2,55.0,菅原明,1:51.6,3/4,5,9.5,38.6,1-1-1-1,美浦伊藤大,450(0),0,1800,芝,晴,良
10.0,4,4,リベッチオ,牡2,55.0,荻野極,1:51.9,2,4,8.9,38.8,2-2-2-2,栗東杉山晴,492(0),0,1800,芝,晴,良
11.0,5,7,サーブルディアマン,牡2,55.0,丸山,1:51.9,アタマ,9,29.4,36.9,12-12-11-10,栗東坂口,464(0),0,1800,芝,晴,良
12.0,4,5,コスモメイウェザー,牡2,55.0,石橋脩,1:52.6,4,10,73.4,37.6,13-13-11-12,美浦高木,480(0),0,1800,芝,晴,良
13.0,2,2,パッセージピーク,牡2,55.0,戸崎圭,1:53.2,3.1/2,2,4.3,38.0,7-8-13-13,美浦田村,486(0),0,1800,芝,晴,良
1.0,2,2,ハッピーエンジェル,牝2,52.0,▲遠藤,1:10.2,,2,3.3,34.8,3-3,美浦武市,418(0),1,1200,芝,晴,良
2.0,6,6,ハイティー,牝2,55.0,ルメー,1:10.7,3,1,1.4,35.5,2-2,美浦木村,476(0),1,1200,芝,晴,良
3.0,7,7,セイウンアインス,牝2,55.0,武藤,1:10.8,3/4,3,7.9,35.7,1-1,美浦武藤,446(0),1,1200,芝,晴,良
4.0,1,1,アビエーション,牝2,55.0,内田博,1:12.0,7,5,41.5,35.7,7-7,美浦佐藤吉,458(0),0,1200,芝,晴,良
5.0,3,3,ビースタニング,牝2,55.0,原,1:12.8,5,4,14.3,37.2,4-4,美浦小手川,476(0),0,1200,芝,晴,良
6.0,5,5,ナンヨーラーク,牝2,52.0,▲佐藤,1:13.0,1.1/4,7,57.9,37.0,5-5,美浦杉浦,400(0),0,1200,芝,晴,良
7.0,4,4,コパノセビリア,牝2,55.0,丸山,1:13.4,2.1/2,6,43.0,37.4,5-5,美浦土田,432(0),0,1200,芝,晴,良
1.0,1,2,ルージュアズライト,牝5,56.0,荻野極,1:07.6,,5,11.4,36.2,1-1,美浦森一,456(+4),1,1150,ダート,晴,良
2.0,2,4,ゴールドハンマー,牝3,53.0,横山典,1:08.2,3.1/2,1,1.6,36.7,2-2,美浦村田,488(+6),1,1150,ダート,晴,良
3.0,4,8,アシャカトベ,牡3,52.0,▲石神道,1:08.8,3.1/2,3,9.3,36.5,10-7,美浦小笠,520(0),1,1150,ダート,晴,良
4.0,3,5,ラヴァグロウ,牝5,56.0,丸田,1:09.1,2,10,59.7,36.3,13-12,美浦畠山,446(-4),0,1150,ダート,晴,良
5.0,3,6,リクエイ,牝3,50.0,▲石田,1:09.2,1/2,7,35.1,36.6,11-10,美浦竹内,420(+2),0,1150,ダート,晴,良
6.0,8,16,イズルード,牡3,55.0,戸崎圭,1:09.3,1/2,4,11.3,37.2,8-8,美浦田島,474(+2),0,1150,ダート,晴,良
7.0,4,7,マサノヒーロー,牡4,58.0,田辺,1:09.5,3/4,9,43.1,37.8,4-4,美浦大竹,474(-2),0,1150,ダート,晴,良
8.0,1,1,ブエナディオサ,牝6,56.0,津村,1:09.6,3/4,8,36.1,37.8,4-4,美浦奥平,458(-10),0,1150,ダート,晴,良
9.0,7,13,ブラックトルネード,牡3,55.0,武藤,1:09.8,3/4,16,355.8,37.3,11-10,美浦佐藤吉,454(-4),0,1150,ダート,晴,良
10.0,6,12,ニシノジーク,セ4,58.0,江田照,1:09.9,1/2,13,106.1,37.1,13-12,美浦奥平,500(-20),0,1150,ダート,晴,良
11.0,5,9,ライヴドライバー,牡3,55.0,内田博,1:09.9,クビ,6,23.8,36.7,15-14,美浦尾形,518(+10),0,1150,ダート,晴,良
12.0,8,15,ポップグルーヴ,牝3,50.0,▲佐藤,1:10.0,3/4,14,241.4,38.0,7-8,美浦小手川,386(-10),0,1150,ダート,晴,良
13.0,5,10,レーヴレジェンド,牡3,55.0,丸山,1:10.1,クビ,12,79.4,38.6,2-3,美浦金成,470(-24),0,1150,ダート,晴,良
14.0,7,14,シウン,牝6,56.0,原,1:10.2,1/2,15,274.1,37.1,15-14,美浦矢野,482(+12),0,1150,ダート,晴,良
15.0,2,3,エベリンテソーロ,牝3,53.0,菊沢,1:10.4,1.1/2,11,76.2,38.7,4-6,美浦加藤士,466(+4),0,1150,ダート,晴,良
16.0,6,11,スターランウェイ,牝3,52.0,☆横山琉,1:10.7,1.1/2,2,5.9,38.5,9-16,美浦斎藤誠,446(0),0,1150,ダート,晴,良
1.0,4,4,シャイニースイフト,牡5,55.0,▲舟山,1:48.3,,7,53.2,34.9,1-1-1-1,美浦菊川,434(-8),1,1800,芝,晴,良
2.0,5,5,ディバイングレース,牝5,56.0,内田博,1:48.6,1.3/4,5,14.2,34.3,7-8-4-4,美浦蛯名正,450(+2),1,1800,芝,晴,良
3.0,3,3,ソルトブリーズ,牡4,58.0,戸崎圭,1:48.7,3/4,1,2.3,34.7,3-3-3-2,美浦田中剛,448(+2),1,1800,芝,晴,良
4.0,2,2,ミラーダカリエンテ,牝3,53.0,石川,1:48.8,1/2,4,5.0,35.0,2-2-2-2,美浦相沢,478(+4),0,1800,芝,晴,良
5.0,8,8,エナジーショット,牝3,52.0,☆横山琉,1:49.0,1.1/2,2,3.6,34.8,5-4-4-4,美浦矢嶋,426(+12),0,1800,芝,晴,良
6.0,7,7,バセリーナ,牡3,52.0,▲石神道,1:49.1,3/4,6,33.5,34.6,6-6-7-6,美浦松山,444(-4),0,1800,芝,晴,良
7.0,6,6,フロスティクォーツ,牡7,55.0,▲石田,1:49.6,3,9,245.2,34.5,9-9-9-8,美浦加藤和,472(-12),0,1800,芝,晴,良
8.0,8,9,チェイスザウィンド,牡4,58.0,菊沢,1:50.1,3,8,72.4,35.4,7-7-8-8,美浦石栗,496(-4),0,1800,芝,晴,良
,1,1,トライデントスピア,牡4,58.0,原,,,3,4.6,,4-4-4-7,美浦田中博,516(-6),0,1800,芝,晴,良
1.0,1,1,マックアルイーン,牡3,55.0,ルメー,1:08.1,,1,1.8,34.4,3-2,美浦木村,540(+10),1,1200,芝,晴,良
2.0,3,3,ヴァンヴィーヴ,牡4,58.0,戸崎圭,1:08.2,1/2,3,5.3,34.4,5-5,栗東牧浦,504(-4),1,1200,芝,晴,良
3.0,7,8,ソルレース,牝4,56.0,舟山,1:08.3,1/2,2,3.4,35.1,1-1,美浦田中博,464(-2),1,1200,芝,晴,良
4.0,2,2,ディアドコス,牡5,58.0,小沢,1:08.4,3/4,4,17.0,34.5,5-6,栗東羽月,486(-14),0,1200,芝,晴,良
5.0,5,5,ニシノピウモッソ,牡5,58.0,津村,1:08.5,3/4,6,22.5,34.4,8-6,美浦西田,466(-2),0,1200,芝,晴,良
6.0,7,9,ジャガード,牡7,58.0,吉田豊,1:08.8,1.3/4,10,98.4,33.8,11-11,美浦和田雄,424(+4),0,1200,芝,晴,良
7.0,6,6,ライクアフラワー,牡5,58.0,石神深,1:08.9,3/4,5,19.2,35.1,5-6,美浦松永康,508(+4),0,1200,芝,晴,良
8.0,4,4,エクセルゴールド,牡4,58.0,菊沢,1:09.0,クビ,7,29.8,35.4,3-2,美浦武市,478(+2),0,1200,芝,晴,良
9.0,6,7,タリエシン,牡5,58.0,丸山,1:09.0,ハナ,11,138.3,34.4,10-10,美浦金成,438(0),0,1200,芝,晴,良
10.0,8,10,ナファロア,牡4,58.0,原,1:09.4,2.1/2,9,91.1,35.3,8-6,美浦菊沢,464(0),0,1200,芝,晴,良
11.0,8,11,トレブランシュ,牝5,56.0,石川,1:09.6,1.1/4,8,80.5,36.2,2-2,美浦伊藤伸,434(-2),0,1200,芝,晴,良
1.0,7,13,ジャスパーロブスト,セ4,58.0,丸山,1:44.5,,1,2.4,37.1,1-1-1-1,栗東森秀,502(+2),1,1700,ダート,晴,良
2.0,8,14,クロースコンバット,牡6,58.0,原,1:44.7,1.1/4,6,17.8,37.2,2-2-2-2,美浦青木,486(-10),1,1700,ダート,晴,良
3.0,5,8,デコラシオン,牡6,58.0,戸崎圭,1:44.9,3/4,5,11.4,37.1,7-4-4-3,美浦高木,516(-6),1,1700,ダート,晴,良
4.0,4,7,オンザライン,セ7,58.0,横山琉,1:45.1,1.1/4,10,72.4,36.9,9-8-7-7,美浦大和田,448(-12),0,1700,ダート,晴,良
5.0,8,15,ブレスワード,牡4,58.0,ルメー,1:45.5,2,3,7.7,37.7,3-3-4-3,美浦中舘,510(+2),0,1700,ダート,晴,良
6.0,3,4,ハギノサステナブル,牡5,58.0,小沢,1:45.5,アタマ,2,3.3,36.6,7-8-12-11,栗東高野,484(-2),0,1700,ダート,晴,良
7.0,6,11,フームスムート,牡8,58.0,武藤,1:45.5,クビ,11,75.6,37.4,10-10-7-8,美浦水野,530(-4),0,1700,ダート,晴,良
8.0,3,5,スズノテレサ,牝6,56.0,山本咲,1:45.7,1.1/4,12,135.0,36.6,12-13-14-13,美浦深山,452(+12),0,1700,ダート,晴,良
9.0,1,1,エスティメート,牡6,58.0,丸田,1:45.7,クビ,13,192.6,36.5,10-10-15-15,美浦大和田,458(-4),0,1700,ダート,晴,良
10.0,6,10,ソレルビュレット,牡4,58.0,菅原明,1:45.7,ハナ,4,8.2,37.8,4-4-6-3,美浦宮田,530(+6),0,1700,ダート,晴,良
11.0,5,9,ティアップリオン,牡7,58.0,江田照,1:46.2,3,14,208.3,37.7,12-12-10-9,美浦奥平,488(-4),0,1700,ダート,晴,良
12.0,4,6,クーアフュルスト,牡4,58.0,石橋脩,1:46.4,1,8,27.2,37.5,4-4-12-13,美浦大和田,474(+4),0,1700,ダート,晴,良
13.0,2,2,タガノアレハンドラ,牝5,56.0,国分恭,1:46.5,1/2,7,24.5,39.0,15-15-2-3,栗東西園翔,504(+4),0,1700,ダート,晴,良
14.0,7,12,グレノークス,牝5,56.0,杉原,1:46.9,2,9,42.6,38.8,4-4-7-9,美浦宮田,486(-4),0,1700,ダート,晴,良
15.0,2,3,ルーンファクター,牡5,58.0,吉田豊,1:47.0,クビ,15,310.5,38.5,14-13-10-11,美浦畠山,468(+6),0,1700,ダート,晴,良
1.0,1,1,エキサイトバイオ,牡3,53.0,荻野極,1:46.9,,4,7.6,34.8,7-8-7-7,栗東今野,472(-6),1,1800,芝,晴,良
2.0,4,5,センツブラッド,牡3,56.0,菅原明,1:47.0,1/2,2,5.7,35.2,6-5-4-4,栗東斉藤崇,460(0),1,1800,芝,晴,良
3.0,5,7,インパクトシー,牡3,53.0,横山琉,1:47.1,クビ,8,14.0,35.0,7-7-7-4,美浦大竹,526(+12),1,1800,芝,晴,良
4.0,4,6,ビーオンザカバー,牡3,55.0,田辺,1:47.2,1/2,5,8.1,34.4,14-14-14-14,美浦伊藤圭,472(0),0,1800,芝,晴,良
5.0,8,14,ショウナンマクベス,牡3,54.0,津村,1:47.2,クビ,10,26.6,35.6,2-2-2-2,美浦武市,482(+2),0,1800,芝,晴,良
6.0,7,11,トレサフィール,牡3,55.0,横山典,1:47.2,アタマ,1,5.0,35.7,1-1-1-1,美浦稲垣,472(+4),0,1800,芝,晴,良
7.0,6,9,モティスフォント,牡3,54.0,ルメー,1:47.3,クビ,6,8.1,35.0,11-10-9-8,美浦田村,490(-4),0,1800,芝,晴,良
8.0,3,3,スナークピカソ,牡3,53.0,小沢,1:47.5,1,9,15.1,35.8,3-3-3-3,栗東高橋一,466(+2),0,1800,芝,晴,良
9.0,3,4,レーヴブリリアント,牡3,54.0,舟山,1:47.6,3/4,11,31.3,35.2,11-10-11-8,美浦田中博,458(+10),0,1800,芝,晴,良
10.0,7,12,バズアップビート,牡3,55.0,戸崎圭,1:47.6,クビ,3,7.4,35.7,4-4-5-4,栗東友道,506(-2),0,1800,芝,晴,良
11.0,2,2,フクノブルーレイク,牡3,57.0,松岡,1:48.2,3.1/2,7,8.8,35.9,9-8-9-8,美浦竹内,450(-6),0,1800,芝,晴,良
12.0,8,13,チョングク,牡3,52.0,丸田,1:48.2,アタマ,14,122.1,35.7,13-13-12-12,美浦南田,476(0),0,1800,芝,晴,良
13.0,5,8,エーオーキング,牡3,55.0,大野,1:48.3,クビ,12,31.8,35.7,9-10-12-12,美浦久保田,454(+6),0,1800,芝,晴,良
14.0,6,10,アタラシイカドデニ,牡3,53.0,内田博,1:48.7,2,13,113.5,36.7,4-5-6-8,美浦上原博,516(+10),0,1800,芝,晴,良
1.0,3,4,アタリダイキチ,牡3,52.0,▲遠藤,1:09.4,,1,3.8,35.4,5-5,美浦西田,488(+2),1,1200,芝,晴,良
2.0,8,13,レオプルミエール,牡5,55.0,▲佐藤,1:09.4,クビ,13,227.2,35.3,6-5,美浦杉浦,422(+8),1,1200,芝,晴,良
3.0,5,8,ニシノアヤカゼ,牝4,55.0,☆横山琉,1:09.5,1/2,7,14.9,35.2,9-10,美浦鈴木伸,456(-6),1,1200,芝,晴,良
4.0,6,10,クリノゴッホ,セ5,55.0,▲石田,1:09.6,3/4,10,52.8,35.1,10-10,美浦岩戸,448(-6),0,1200,芝,晴,良
5.0,7,11,ザカート,牝3,53.0,大野,1:09.7,1/2,5,7.3,35.6,6-7,美浦高柳瑞,456(0),0,1200,芝,晴,良
6.0,4,5,ツィスカリーゼ,牡5,58.0,的場,1:09.8,3/4,14,261.4,34.3,14-13,美浦的場,452(-2),0,1200,芝,晴,良
7.0,7,12,イェルマーク,牡4,58.0,戸崎圭,1:09.9,1/2,6,8.2,36.0,4-4,美浦西田,500(+10),0,1200,芝,晴,良
8.0,6,9,シャトーボビー,牡5,55.0,▲石神道,1:10.1,1,9,35.4,36.3,3-2,美浦菊川,470(-9),0,1200,芝,晴,良
9.0,5,7,ウエストチェリー,牝4,56.0,柴田大,1:10.2,1/2,11,76.5,35.8,10-8,美浦粕谷,450(0),0,1200,芝,晴,良
10.0,2,2,オコジュ,牝5,56.0,内田博,1:10.2,クビ,8,16.6,36.0,8-8,美浦矢嶋,466(-2),0,1200,芝,晴,良
11.0,1,1,テンプーシャオン,牡5,58.0,小沢,1:10.3,1/2,2,4.8,35.9,10-10,美浦和田勇,430(0),0,1200,芝,晴,良
12.0,4,6,アルデショワ,牝3,53.0,津村,1:10.3,アタマ,3,5.8,36.8,1-1,美浦田中博,442(-8),0,1200,芝,晴,良
13.0,8,14,リコーシュペル,牝3,53.0,山本咲,1:12.3,大,12,152.4,38.7,2-2,地方田中一,478(-12),0,1200,芝,晴,良
,3,3,グッドヴァイブス,牡4,58.0,菅原明,,,4,6.5,,13-14,美浦高柳瑞,482(0),0,1200,芝,晴,良
1.0,5,5,オーロイプラータ,牡5,60.0,小野寺,3:11.6,,3,5.4,13.4,3-3-2-2,栗東宮本,554(+6),1,2860,芝,晴,良
2.0,8,12,ロードプレジール,牡7,60.0,小牧加,3:11.9,1.3/4,2,3.0,13.4,3-3-2-2,栗東佐藤悠,504(0),1,2860,芝,晴,良
3.0,1,1,フォルガイル,牡4,57.0,▲水沼,3:12.3,2.1/2,10,65.9,13.4,8-7-6-4,美浦加藤和,432(-2),1,2860,芝,晴,良
4.0,7,9,ストラクチャー,セ4,60.0,草野,3:12.3,アタマ,11,94.7,13.4,9-9-7-6,美浦和田郎,442(+8),0,2860,芝,晴,良
5.0,3,3,カイコウ,セ4,60.0,五十嵐,3:12.9,3.1/2,7,23.8,13.5,6-6-8-7,美浦田島,466(+6),0,2860,芝,晴,良
6.0,8,11,グラヴィテ,牝7,58.0,黒岩,3:12.9,アタマ,4,8.7,13.5,1-1-1-1,栗東藤野,496(-10),0,2860,芝,晴,良
7.0,2,2,トモジャオッシュ,牡4,60.0,難波,3:13.3,2,6,17.4,13.5,2-2-4-5,栗東大根田,496(+10),0,2860,芝,晴,良
8.0,6,8,グランナヴィール,牡4,60.0,上野,3:16.1,大,1,2.6,13.7,6-7-9-9,美浦堀内,540(-16),0,2860,芝,晴,良
9.0,7,10,ユウトザキンパツ,牡4,57.0,▲井上,3:16.5,2.1/2,9,53.7,13.7,10-10-10-10,栗東小崎,482(-16),0,2860,芝,晴,良
10.0,6,7,ジュリアスローズ,牝4,58.0,江田勇,3:16.5,ハナ,12,123.6,13.7,3-3-4-7,美浦粕谷,470(+16),0,2860,芝,晴,良
11.0,5,6,シュガーコルト,セ6,60.0,高田,3:19.8,大,8,36.6,14.0,11-11-11-11,栗東宮地,506(-10),0,2860,芝,晴,良
12.0,4,4,ウインメラナイト,牡4,60.0,森一,3:19.9,3/4,5,15.1,14.0,12-12-12-12,栗東緒方,516(-6),0,2860,芝,晴,良
1.0,8,17,ラインピクシー,牝3,55.0,坂井瑠,1:08.2,,1,2.2,34.6,2-2,栗東長谷川,476(+2),1,1200,芝,晴,良
2.0,7,13,メイショウマサツラ,牡3,57.0,松山,1:09.0,5,2,3.4,35.3,2-2,栗東本田,500(-4),1,1200,芝,晴,良
3.0,7,14,トウカイリュタン,牝3,55.0,秋山稔,1:09.1,1/2,8,24.0,34.9,9-7,栗東北出,396(+6),1,1200,芝,晴,良
4.0,1,1,スマートロベール,牝3,54.0,☆西塚,1:09.1,ハナ,6,15.6,35.4,2-4,栗東笹田,430(+12),0,1200,芝,晴,良
5.0,2,4,ドゥラルーナ,牝3,55.0,角田大,1:09.2,クビ,4,12.7,34.9,10-9,栗東清水久,454(+4),0,1200,芝,晴,良
6.0,5,9,ウィンビュー,牝3,55.0,小崎,1:09.4,1.1/4,16,181.8,35.4,6-5,栗東畑端,430(-16),0,1200,芝,晴,良
7.0,6,11,ニーナバイリッカ,牝3,55.0,幸,1:09.4,ハナ,11,62.2,34.6,13-14,栗東松下,434(+2),0,1200,芝,晴,良
8.0,2,3,サトノスピカ,牝3,55.0,団野,1:09.6,1,3,12.4,34.7,13-11,栗東須貝,462(0),0,1200,芝,晴,良
9.0,5,10,アルピノ,牡3,57.0,川須,1:09.8,1.1/2,5,15.2,35.3,11-11,栗東千田,454(-4),0,1200,芝,晴,良
10.0,4,7,ニホンピロリーチ,牝3,55.0,田口,1:10.0,1.1/2,14,87.6,36.5,1-1,栗東大橋,448(+2),0,1200,芝,晴,良
11.0,8,15,ハクサンサクヤヒメ,牝3,53.0,◇永島,1:10.1,クビ,15,178.2,35.6,11-11,栗東高橋康,438(-2),0,1200,芝,晴,良
12.0,4,8,ワンダーエルピス,牝3,51.0,★河原田,1:10.3,1.1/4,12,71.8,35.5,13-14,栗東牧田,396(-2),0,1200,芝,晴,良
13.0,1,2,デリツィオーサ,牝3,55.0,亀田,1:10.5,1.1/2,10,57.4,36.4,6-7,栗東坂口,464(-4),0,1200,芝,晴,良
14.0,3,6,ナイトエラント,牡3,56.0,☆高杉,1:11.5,6,7,18.8,37.5,6-9,栗東藤原,502(+12),0,1200,芝,晴,良
15.0,8,16,ソニックサンライズ,牝3,55.0,松若,1:11.5,ハナ,9,24.3,37.6,5-5,栗東東田,420(-10),0,1200,芝,晴,良
16.0,6,12,テイエムトップバン,牝3,55.0,高倉,1:12.3,5,17,357.7,36.3,17-17,栗東畑端,470(-8),0,1200,芝,晴,良
17.0,3,5,テイエムパンサー,牝3,55.0,水口,1:12.3,アタマ,13,79.8,37.0,16-16,栗東浜田,460(+2),0,1200,芝,晴,良
1.0,4,7,サンライズロジャー,牡3,57.0,幸,2:44.4,,2,4.3,36.2,8-5-4-3,栗東加藤公,516(-8),1,2600,芝,晴,良
2.0,2,4,メイショウサノサ,牝3,55.0,酒井,2:44.5,1,7,21.6,36.0,9-9-6-6,栗東庄野,432(+12),1,2600,芝,晴,良
3.0,1,1,ポテチ,牡3,57.0,高倉稜,2:44.5,クビ,1,3.1,36.5,1-1-1-1,栗東鈴木孝,404(+6),1,2600,芝,晴,良
4.0,1,2,スピントロニクス,牡3,57.0,松山,2:44.6,クビ,4,7.6,36.3,4-5-4-3,栗東池江,518(0),0,2600,芝,晴,良
5.0,3,5,ダイヤノエース,牡3,57.0,国分優,2:44.7,3/4,9,31.4,35.7,11-12-12-12,栗東清水久,532(0),0,2600,芝,晴,良
6.0,5,9,アファリン,牝3,52.0,▲田山,2:44.9,1,11,42.4,36.2,6-5-9-8,栗東新谷,476(+12),0,2600,芝,晴,良
7.0,8,16,ハチワレ,牝3,53.0,◇今村,2:45.0,1/2,8,27.5,35.3,14-14-14-13,栗東寺島,452(+4),0,2600,芝,晴,良
8.0,7,14,ゴートゥーミジョカ,牝3,55.0,水口,2:45.8,5,10,40.4,37.1,9-9-9-8,栗東宮本,442(+10),0,2600,芝,晴,良
9.0,3,6,ランスオブフェイス,牝3,54.0,☆高杉,2:45.8,クビ,6,13.7,37.3,2-3-6-8,栗東奥村豊,476(-6),0,2600,芝,晴,良
10.0,5,10,クリノアラジン,牡3,57.0,松若,2:46.1,2,15,234.6,37.7,2-3-6-6,栗東谷,438(-6),0,2600,芝,晴,良
11.0,6,11,メイショウハリソン,牡3,57.0,坂井,2:46.3,3/4,3,5.6,38.2,11-5-2-2,栗東石橋,470(-4),0,2600,芝,晴,良
12.0,2,3,コパカバーナ,牝3,55.0,団野,2:46.5,1.1/4,5,8.1,38.4,4-2-2-3,栗東森田,378(-22),0,2600,芝,晴,良
13.0,8,15,ソリッドベーシス,セ3,57.0,岡田,2:46.5,アタマ,14,115.7,37.4,13-13-13-14,栗東安田,482(-12),0,2600,芝,晴,良
14.0,4,8,ルークピオーネ,牝3,55.0,小崎,2:46.7,1.1/4,12,72.1,38.0,6-9-9-8,栗東畑端,466(+14),0,2600,芝,晴,良
15.0,6,12,ヒロニャン,牡3,57.0,田口,2:47.8,7,13,89.0,37.7,16-16-15-15,栗東今野,504(0),0,2600,芝,晴,良
16.0,7,13,フーダオラ,牡3,55.0,◇永島,2:48.2,2.1/2,16,241.5,37.6,15-15-16-16,栗東吉村,462(+2),0,2600,芝,晴,良
1.0,7,14,チャチャピンク,牡3,57.0,幸,1:46.8,,5,8.2,37.7,3-3-3-3,栗東北出,472(+10),1,1700,ダート,晴,良
2.0,8,16,インターアーバン,牡3,57.0,団野,1:46.9,1,4,6.5,38.0,2-2-2-2,栗東野中,518(-2),1,1700,ダート,晴,良
3.0,7,13,アルデフォックス,セ3,56.0,☆高杉,1:47.0,1/2,2,5.1,38.2,1-1-1-1,栗東藤岡,520(+10),1,1700,ダート,晴,良
4.0,4,8,ケイコウギュウゴ,牡3,57.0,川田,1:48.0,6,6,10.0,38.7,5-3-4-4,栗東加藤公,434(+2),0,1700,ダート,晴,良
5.0,5,9,ワイドデコラシオン,牡3,57.0,田口,1:48.2,1.1/2,3,5.5,38.6,6-6-6-6,栗東辻野,502(-4),0,1700,ダート,晴,良
6.0,3,5,ジェントルバローズ,牡3,57.0,坂井,1:48.3,クビ,7,15.5,38.3,14-14-12-12,栗東佐藤悠,512(+10),0,1700,ダート,晴,良
7.0,5,10,モズノセイギ,牡3,57.0,酒井,1:48.3,ハナ,15,141.3,38.5,10-10-10-8,栗東荒川,444(-8),0,1700,ダート,晴,良
8.0,6,12,モンサンヴデット,牝3,53.0,◇今村,1:48.3,クビ,9,29.5,37.9,12-12-14-14,栗東平田,436(0),0,1700,ダート,晴,良
9.0,3,6,バイマイセルフ,牡3,55.0,◇永島,1:48.4,3/4,16,271.7,37.9,13-13-14-14,栗東高橋康,504(-2),0,1700,ダート,晴,良
10.0,2,4,アラック,セ3,56.0,☆西塚,1:48.8,2,11,64.1,39.0,6-6-10-11,栗東小椋,440(-4),0,1700,ダート,晴,良
11.0,6,11,シャドーストライク,牡3,57.0,長岡,1:48.8,アタマ,10,51.2,39.5,6-6-4-6,栗東茶木,464(-10),0,1700,ダート,晴,良
12.0,1,1,セイルフリー,牡3,57.0,亀田,1:48.9,クビ,12,72.9,38.9,10-11-12-12,栗東松下,482(+6),0,1700,ダート,晴,良
13.0,4,7,ドウジギリ,牡3,57.0,松山,1:48.9,ハナ,1,3.5,39.3,9-9-6-5,栗東西園正,472(-6),0,1700,ダート,晴,良
14.0,8,15,サトノパトス,牡3,54.0,▲田山,1:48.9,ハナ,14,107.1,39.3,15-15-6-8,栗東新谷,464(0),0,1700,ダート,晴,良
15.0,1,2,メイショウタビズキ,牡3,57.0,角田和,1:49.0,3/4,13,80.8,39.4,3-3-6-8,栗東笹田,466(+10),0,1700,ダート,晴,良
16.0,2,3,プリンスドール,牡3,57.0,水口,1:49.2,1.1/4,8,22.9,38.6,15-15-16-16,栗東池江,496(-12),0,1700,ダート,晴,良
1.0,5,10,アンヘリータス,牝2,55.0,川田,1:10.8,,1,2.6,36.2,1-1,栗東吉村,414(0),1,1200,芝,晴,良
2.0,7,13,カシノハンゾウ,牡2,55.0,秋山稔,1:11.3,3,9,43.0,35.3,10-11,美浦蛯名利,448(0),1,1200,芝,晴,良
3.0,8,15,カシノフレックス,牡2,55.0,田口,1:11.7,2,4,7.8,36.7,3-2,栗東牧田,446(0),1,1200,芝,晴,良
4.0,3,5,エイシンディアマン,牝2,55.0,高倉,1:11.8,1,3,6.7,36.8,3-4,栗東中尾,456(0),0,1200,芝,晴,良
5.0,5,9,ヴィジュイイジャン,牡2,55.0,酒井,1:12.0,1,6,12.7,36.2,8-8,栗東松永幹,476(0),0,1200,芝,晴,良
6.0,3,6,アメアメフレフレ,牝2,55.0,国分優,1:12.1,3/4,14,97.0,36.4,8-7,栗東大根田,392(0),0,1200,芝,晴,良
7.0,4,8,ニシノメイホウ,牡2,55.0,幸,1:12.1,アタマ,5,8.3,35.4,15-13,栗東北出,380(0),0,1200,芝,晴,良
8.0,2,4,ラムールデュヴォン,牡2,55.0,亀田温,1:12.1,ハナ,16,111.0,36.7,6-5,美浦堀内,452(0),0,1200,芝,晴,良
9.0,2,3,ダイラントウ,牡2,54.0,☆高杉,1:12.2,1/2,11,65.0,36.7,7-8,栗東今野,466(0),0,1200,芝,晴,良
10.0,6,11,アポロマインド,牡2,54.0,☆西塚,1:12.7,3,10,61.3,36.7,10-10,栗東笹田,478(0),0,1200,芝,晴,良
11.0,1,2,サツマフジ,牝2,55.0,松山,1:12.8,アタマ,7,13.6,37.9,2-2,美浦尾形,446(0),0,1200,芝,晴,良
12.0,1,1,カシノユメミヅキ,牡2,55.0,川須,1:13.1,2,15,105.6,37.9,5-5,美浦和田雄,500(0),0,1200,芝,晴,良
13.0,4,7,テーオールーラー,牡2,55.0,長岡禎,1:13.6,3,12,71.7,37.6,10-11,栗東清水久,420(0),0,1200,芝,晴,良
14.0,6,12,シーキングザバース,牝2,53.0,◇永島,1:13.9,2,8,29.8,37.5,14-15,美浦村田,430(0),0,1200,芝,晴,良
15.0,7,14,コウユーネロガ,牝2,55.0,団野,1:13.9,アタマ,2,5.6,37.7,13-13,栗東斉藤崇,436(0),0,1200,芝,晴,良
16.0,8,17,ナンゴクモンジュー,牝2,55.0,藤懸,1:14.8,5,17,135.5,37.2,16-16,栗東小崎,396(0),0,1200,芝,晴,良
17.0,8,16,ニシノローラン,牡2,51.0,★河原田,1:16.8,大,13,77.2,37.5,17-17,栗東谷,430(0),0,1200,芝,晴,良
1.0,2,2,コラルリーフ,牝2,55.0,幸,1:09.7,,2,4.6,34.5,3-3,栗東佐藤悠,462(0),1,1200,芝,晴,良
2.0,8,9,タマモイカロス,牡2,54.0,☆高杉,1:09.8,1,4,7.6,34.8,2-2,栗東藤岡,536(0),1,1200,芝,晴,良
3.0,4,4,ゼロヴィジビリティ,牡2,55.0,坂井,1:10.0,1.1/4,1,1.7,35.1,1-1,栗東寺島,476(0),1,1200,芝,晴,良
4.0,1,1,ワイドカクゲン,牡2,52.0,▲田山旺,1:10.1,クビ,9,62.8,34.9,3-3,栗東杉山佳,474(0),0,1200,芝,晴,良
5.0,3,3,スターアニス,牝2,55.0,松山,1:10.2,1/2,3,5.7,34.5,7-6,栗東高野,486(0),0,1200,芝,晴,良
6.0,7,7,ナムラライラック,牝2,55.0,松若,1:10.3,1,8,48.7,34.9,5-5,栗東畑端,398(0),0,1200,芝,晴,良
7.0,6,6,ゼンノスタニング,牡2,55.0,Ｍデム,1:11.0,4,6,29.7,34.8,9-8,栗東武幸,452(0),0,1200,芝,晴,良
8.0,7,8,ゴーゴーエイミー,牝2,55.0,秋山稔,1:11.1,3/4,7,48.7,35.6,5-6,栗東東田,442(0),0,1200,芝,晴,良
9.0,5,5,カセノコンコルド,牡2,55.0,田口,1:12.8,10,10,95.2,36.7,8-9,栗東中尾,442(0),0,1200,芝,晴,良
10.0,8,10,レザーアンドレース,牝2,53.0,◇永島ま,1:13.9,7,5,17.6,37.7,9-10,栗東平田,458(0),0,1200,芝,晴,良
1.0,2,4,ランフォースマイル,牝3,55.0,川田,2:00.0,,3,5.1,37.8,1-1-1-1,栗東渡辺,448(+6),1,2000,芝,晴,良
2.0,3,6,アイスモント,牝3,55.0,坂井,2:00.2,1.1/2,1,3.4,37.3,7-5-6-3,栗東宮本,436(+2),1,2000,芝,晴,良
3.0,8,17,シャドウフェイス,牝3,54.0,☆西塚,2:01.0,5,14,51.0,38.7,2-2-2-2,栗東辻野,378(+8),1,2000,芝,晴,良
4.0,7,15,ポジターノ,牝3,54.0,☆高杉,2:01.1,1,12,47.1,37.3,9-10-11-9,栗東飯田,412(+2),0,2000,芝,晴,良
5.0,5,10,ラストプリンセス,牝3,55.0,国分優,2:01.2,クビ,17,251.1,37.8,9-9-8-6,栗東清水久,416(-4),0,2000,芝,晴,良
6.0,4,8,ジョリーピクシー,牝3,55.0,Ｍデム,2:01.2,1/2,6,18.3,36.8,18-18-16-13,栗東笹田,442(-10),0,2000,芝,晴,良
7.0,2,3,ハギノデュエット,牝3,51.0,★河原田,2:01.3,クビ,13,47.4,37.5,12-12-11-11,栗東中竹,470(+8),0,2000,芝,晴,良
8.0,5,9,ジュヌフィーユ,牝3,55.0,田口,2:01.3,クビ,2,3.6,38.7,3-3-3-3,栗東四位,416(-4),0,2000,芝,晴,良
9.0,6,12,ブラックダイヤ,牝3,55.0,泉谷,2:01.4,1/2,11,45.2,37.5,13-13-14-11,栗東杉山晴,424(-2),0,2000,芝,晴,良
10.0,4,7,ルージュパラディ,牝3,52.0,▲田山,2:01.5,1/2,15,125.2,37.3,14-14-15-14,栗東橋口,410(0),0,2000,芝,晴,良
11.0,7,13,コンプリート,牝3,55.0,藤懸,2:01.6,1/2,8,29.3,38.4,8-8-7-8,栗東田中克,474(+6),0,2000,芝,晴,良
12.0,8,18,ハローエンジェル,牝3,55.0,亀田,2:01.7,クビ,5,13.1,38.9,5-5-4-3,栗東田中克,468(0),0,2000,芝,晴,良
13.0,7,14,チルウィズミー,牝3,55.0,団野大,2:01.9,1.1/4,7,23.0,38.2,11-11-10-9,栗東中内田,464(-4),0,2000,芝,晴,良
14.0,6,11,ウィッティクオウト,牝3,55.0,角田和,2:02.0,1/2,18,434.5,37.3,16-17-17-16,栗東吉村,406(+4),0,2000,芝,晴,良
15.0,3,5,マリアブーケ,牝3,55.0,幸,2:03.5,9,10,35.7,39.7,16-16-11-14,栗東高橋忠,442(+4),0,2000,芝,晴,良
16.0,1,2,アイルフィレール,牝3,55.0,小崎,2:04.1,3.1/2,16,213.0,39.0,14-14-18-18,栗東新谷,436(+8),0,2000,芝,晴,良
17.0,1,1,エリセイラ,牝3,53.0,◇永島,2:04.6,3,4,8.3,41.9,3-3-4-7,栗東大久保,428(0),0,2000,芝,晴,良
,8,16,ラヴアンドホープ,牝3,53.0,◇今村,,,9,31.2,,6-5-8-17,栗東庄野,502(+6),0,2000,芝,晴,良
1.0,8,13,ディーエスショウマ,牡3,55.0,松山,0:57.9,,4,9.1,35.4,2-2,栗東橋口,462(+2),1,1000,ダート,晴,良
2.0,2,2,ヤマニンシュラ,牡3,55.0,幸,0:58.3,2.1/2,3,4.1,35.6,3-3,栗東斉藤崇,470(+4),1,1000,ダート,晴,良
3.0,7,12,スノーサイレンス,牝3,53.0,川田,0:58.6,2,1,2.9,36.1,1-1,栗東小栗,462(+8),1,1000,ダート,晴,良
4.0,1,1,フィドルファドル,牝3,53.0,坂井,0:58.9,1.1/2,2,3.8,35.4,10-10,栗東矢作,464(0),0,1000,ダート,晴,良
5.0,4,5,トゥインクルアップ,牝3,50.0,▲田山,0:59.0,3/4,5,10.1,36.0,5-5,栗東杉山佳,474(-2),0,1000,ダート,晴,良
6.0,4,6,トモジャアルマンド,牡8,58.0,国分優,0:59.1,3/4,10,93.3,35.9,7-6,栗東大根田,498(-12),0,1000,ダート,晴,良
7.0,5,7,フォティック,牡5,58.0,酒井,0:59.1,ハナ,9,41.0,35.8,9-6,栗東飯田,470(-14),0,1000,ダート,晴,良
8.0,8,14,イマージョン,牡3,55.0,亀田温,0:59.2,クビ,6,14.2,36.5,3-4,栗東高野,498(-4),0,1000,ダート,晴,良
9.0,6,9,フェールブリエ,牡4,57.0,☆高杉,1:00.2,6,13,228.9,36.6,12-11,栗東緒方,434(+2),0,1000,ダート,晴,良
10.0,3,3,シュークリーム,牝4,55.0,☆西塚,1:00.3,3/4,7,22.3,36.7,12-11,栗東西村,426(-12),0,1000,ダート,晴,良
11.0,6,10,サイモンオリーブ,牝5,54.0,◇今村,1:00.4,3/4,11,110.1,36.7,14-14,栗東梅田,474(+8),0,1000,ダート,晴,良
12.0,3,4,ピコサン,牡4,58.0,田口,1:00.6,1,12,133.9,37.4,7-9,栗東宮地,492(-8),0,1000,ダート,晴,良
13.0,5,8,ロードヴァルカン,牡3,55.0,団野,1:00.6,ハナ,8,35.1,37.1,10-13,栗東中村,460(+8),0,1000,ダート,晴,良
14.0,7,11,シンゼンシャイン,牡7,54.0,★河原田,1:00.8,1.1/2,14,233.2,37.7,5-6,栗東飯田,492(-2),0,1000,ダート,晴,良
1.0,6,6,レディーミコノス,牝3,53.0,松山,1:47.5,,2,4.1,35.0,2-2-4-7,栗東寺島,460(+6),1,1800,芝,晴,良
2.0,1,1,ワンモアスマイル,牡3,55.0,高杉,1:47.6,3/4,1,2.5,34.9,5-5-7-3,栗東藤岡,456(+4),1,1800,芝,晴,良
3.0,4,4,スター,牝4,56.0,Ｍデム,1:47.7,1/2,4,5.1,35.2,8-8-4-2,栗東橋口,474(+8),1,1800,芝,晴,良
4.0,3,3,キーチパルフェ,牡4,58.0,亀田,1:47.8,3/4,6,25.3,35.2,6-6-4-5,栗東高柳大,476(-8),0,1800,芝,晴,良
5.0,5,5,スライビングロード,牝3,53.0,川田将,1:48.1,1.1/2,3,4.4,35.7,4-3-3-3,栗東福永,454(0),0,1800,芝,晴,良
6.0,8,8,フォーキャンドルズ,牡3,55.0,団野,1:48.2,クビ,5,7.4,36.3,3-3-1-1,栗東本田,498(+2),0,1800,芝,晴,良
7.0,2,2,ビッキーファースト,牡3,55.0,坂井,1:49.0,5,7,48.7,37.0,1-1-2-6,栗東武幸,488(0),0,1800,芝,晴,良
8.0,7,7,ウフフトルンナ,牝4,56.0,国分優,1:49.1,1/2,8,184.3,36.1,7-7-8-7,栗東大根田,524(+2),0,1800,芝,晴,良
1.0,6,11,メイショウフウドウ,牡4,58.0,高杉,1:45.6,,4,10.5,37.5,2-2-2-2,栗東藤原,490(+2),1,1700,ダート,晴,良
2.0,6,10,ダノンスウィッチ,牡4,58.0,松若,1:45.8,1.1/2,5,10.6,37.3,13-14-5-3,栗東東田,486(-6),1,1700,ダート,晴,良
3.0,5,9,ハリーケーン,牡3,55.0,水口,1:45.9,1/2,1,2.3,37.9,1-1-1-1,栗東大根田,512(+2),1,1700,ダート,晴,良
4.0,3,5,コパノアントニオ,牡4,58.0,Ｍデム,1:46.2,2,11,43.6,37.3,11-11-11-7,栗東梅田,478(-4),0,1700,ダート,晴,良
5.0,4,6,クリノクリスタル,牝5,56.0,酒井,1:46.6,2,13,64.6,38.1,9-8-5-5,栗東大橋,476(+4),0,1700,ダート,晴,良
6.0,2,3,バトンインディ,牡4,58.0,幸,1:46.6,ハナ,7,19.7,37.6,5-4-11-12,栗東安達,458(-8),0,1700,ダート,晴,良
7.0,4,7,マサハヤウォルズ,牡5,58.0,長岡,1:46.7,3/4,12,49.1,38.1,6-6-8-7,栗東今野,468(-4),0,1700,ダート,晴,良
8.0,8,15,ワイノナオミ,牝4,56.0,永島,1:46.7,アタマ,10,34.5,37.7,11-11-11-10,栗東畑端,466(+8),0,1700,ダート,晴,良
9.0,5,8,オースミリン,牝6,56.0,団野,1:46.9,1.1/2,9,21.4,37.8,13-13-15-13,栗東荒川,466(+8),0,1700,ダート,晴,良
10.0,1,1,タイセイウォリアー,牡5,58.0,田口,1:47.1,1.1/4,6,18.8,38.8,3-2-3-3,栗東大橋,502(0),0,1700,ダート,晴,良
11.0,7,12,スナークシュンソウ,牡7,58.0,小崎,1:47.5,2.1/2,15,91.7,38.6,9-10-11-13,栗東野中,516(-12),0,1700,ダート,晴,良
12.0,7,13,グーヴェルナイユ,牡4,58.0,松山弘,1:47.8,1.3/4,3,7.3,39.5,3-4-3-5,栗東武幸,474(+10),0,1700,ダート,晴,良
13.0,2,2,スマートハンター,牡5,58.0,藤懸,1:48.2,2,14,68.1,39.5,15-15-8-10,栗東中村,504(-2),0,1700,ダート,晴,良
14.0,3,4,ダブルジャッジ,牡4,58.0,西塚,1:48.3,1/2,2,5.5,39.9,6-6-5-7,栗東笹田,512(+10),0,1700,ダート,晴,良
15.0,8,14,ストームバンガード,牡4,58.0,秋山稔,1:48.7,2.1/2,8,20.0,40.0,6-8-8-13,栗東岡田,490(-4),0,1700,ダート,晴,良
1.0,3,3,ヤマニンアンフィル,牝6,55.0,団野,1:07.8,,2,5.8,33.9,8-7,栗東斉藤崇,490(+4),1,1200,芝,晴,良
2.0,4,4,ミルテンベルク,牡4,57.0,坂井瑠,1:07.9,3/4,4,6.6,34.4,4-4,栗東武英,496(+12),1,1200,芝,晴,良
3.0,4,5,レッドエヴァンス,セ4,56.0,松山,1:08.1,3/4,1,3.1,34.6,4-4,栗東東田,490(0),1,1200,芝,晴,良
4.0,6,9,パクスロマーナ,牝5,54.0,川須,1:08.1,ハナ,7,13.7,34.9,2-2,栗東加藤公,436(0),0,1200,芝,晴,良
5.0,7,11,トールキン,牡5,56.0,幸,1:08.1,クビ,5,11.1,34.4,7-7,栗東西園正,500(+4),0,1200,芝,晴,良
6.0,5,6,ウルトラソニック,牡7,53.0,田口,1:08.2,クビ,11,52.7,34.1,10-10,栗東中尾,466(-22),0,1200,芝,晴,良
7.0,1,1,エイムインライフ,牝5,53.0,高杉,1:08.2,クビ,3,6.0,34.7,4-4,栗東角田,488(0),0,1200,芝,晴,良
8.0,6,8,メイショウウネビ,牡6,55.0,角田和,1:08.3,クビ,9,18.5,34.0,12-11,栗東本田,490(-4),0,1200,芝,晴,良
9.0,2,2,トーホウディアス,牡7,55.0,長岡禎,1:08.4,3/4,8,16.6,34.6,8-7,栗東小栗,464(-6),0,1200,芝,晴,良
10.0,7,10,ショウナンマッハ,セ6,53.0,亀田,1:08.6,1.1/4,13,130.4,34.5,10-11,栗東茶木,490(-6),0,1200,芝,晴,良
11.0,8,13,ベンダバリラビア,牡5,54.0,今村,1:08.7,1/2,12,116.8,34.1,13-13,栗東寺島,534(0),0,1200,芝,晴,良
12.0,8,12,リシャールケリー,牡5,55.0,松若,1:09.2,2.1/2,6,11.3,36.0,2-3,栗東茶木,506(-10),0,1200,芝,晴,良
13.0,5,7,ウォータールグラン,牝6,52.0,酒井,1:09.5,1.3/4,10,21.4,36.3,1-1,栗東秋山,510(+8),0,1200,芝,晴,良
1.0,3,5,オンザムーブ,牡3,55.0,坂井,1:45.7,,4,6.5,38.9,6-6-4-4,栗東矢作,506(0),1,1700,ダート,晴,良
2.0,7,13,タケルハーロック,牡3,55.0,松山,1:45.7,クビ,3,5.6,39.3,2-2-2-1,栗東高柳大,496(+8),1,1700,ダート,晴,良
3.0,1,2,ライノ,牡3,55.0,団野,1:46.2,3,1,2.6,39.2,7-8-7-6,栗東高野,520(0),1,1700,ダート,晴,良
4.0,5,9,ニューオーリンズ,牡3,55.0,高倉,1:46.5,2,5,14.2,40.2,1-1-1-2,栗東杉山晴,524(0),0,1700,ダート,晴,良
5.0,6,12,ヴェーヌドール,牡3,55.0,小崎,1:46.7,3/4,13,91.4,40.0,7-6-4-6,栗東武英,524(-4),0,1700,ダート,晴,良
6.0,2,4,ユウェンタース,牝3,53.0,秋山稔,1:46.7,クビ,16,246.6,39.4,10-10-8-8,栗東宮,490(+2),0,1700,ダート,晴,良
7.0,5,10,タイセイレグノ,牡3,54.0,☆高杉,1:46.8,クビ,10,34.8,38.7,11-11-15-14,栗東浜田,474(+12),0,1700,ダート,晴,良
8.0,4,8,レガッタ,牡4,58.0,太宰,1:46.9,3/4,12,84.5,39.4,12-11-10-11,栗東昆,484(+12),0,1700,ダート,晴,良
9.0,4,7,サンディエゴ,牡3,54.0,☆西塚洸,1:47.0,クビ,8,32.1,39.8,4-5-8-8,栗東清水久,498(+8),0,1700,ダート,晴,良
10.0,8,16,テルアスワッド,牡3,55.0,酒井,1:47.0,アタマ,9,32.7,37.8,16-16-16-16,栗東須貝,504(+6),0,1700,ダート,晴,良
11.0,7,14,ブリオメンテ,牡4,58.0,川田,1:47.0,クビ,2,4.6,40.5,3-3-3-3,栗東千田,558(+2),0,1700,ダート,晴,良
12.0,1,1,ヴォルオヴァン,牡3,52.0,▲田山,1:47.2,3/4,14,140.3,39.3,12-13-14-11,栗東新谷,460(+6),0,1700,ダート,晴,良
13.0,3,6,ブラックタロー,牡3,55.0,幸,1:47.3,3/4,7,19.5,39.7,14-14-12-10,栗東鈴木孝,502(+14),0,1700,ダート,晴,良
14.0,2,3,オリエンタルキング,牡6,58.0,水口,1:47.3,クビ,6,17.6,39.8,9-9-10-11,栗東羽月,488(-10),0,1700,ダート,晴,良
15.0,6,11,テンカオーライ,牡5,56.0,◇永島,1:47.7,2,15,144.5,40.0,15-15-12-14,栗東松下,490(-20),0,1700,ダート,晴,良
16.0,8,15,サマーナイト,牡3,55.0,田口貫,1:48.4,4,11,54.0,41.7,4-3-4-5,栗東寺島,484(-2),0,1700,ダート,晴,良
