着順,枠番,馬番,馬名,年齢,斤量,騎手,タイム,着差,人気,単勝オッズ,後3F,コーナー通過順,厩舎,馬体重（増減）,is_top3,距離,種類,天候,馬場
1.0,5,10,メリーサウンド,牝3,55.0,小沢,1:37.8,,9,41.1,38.4,1-1,美浦小笠,448(-4),1,1600,ダート,晴,良
2.0,8,16,センジュコスモス,牝3,55.0,内田博,1:38.2,2,6,9.2,38.6,2-2,美浦南田,460(-2),1,1600,ダート,晴,良
3.0,1,2,アイスリーディング,牝3,55.0,田辺,1:38.3,1,7,14.6,37.7,9-9,美浦小笠,434(-6),1,1600,ダート,晴,良
4.0,4,8,スカイリスト,牝3,55.0,吉田豊,1:38.4,クビ,12,171.7,37.4,12-12,美浦小野,464(+6),0,1600,ダート,晴,良
5.0,7,13,ミヤグリフォン,牝3,55.0,菊沢,1:38.4,クビ,2,4.1,38.8,2-2,美浦千葉,466(-2),0,1600,ダート,晴,良
6.0,8,15,モリノアミーゴ,牝3,55.0,津村,1:38.6,1,3,6.2,38.5,6-6,美浦鈴木伸,466(0),0,1600,ダート,晴,良
7.0,3,5,アルマヴィーナス,牝3,54.0,☆横山琉,1:38.6,ハナ,10,114.2,37.8,11-10,美浦中舘,460(+4),0,1600,ダート,晴,良
8.0,7,14,イルジーリオ,牝3,52.0,▲石神道,1:38.6,クビ,8,19.8,38.1,8-7,美浦林,438(+8),0,1600,ダート,晴,良
9.0,2,3,チハヤフル,牝3,55.0,大野,1:38.7,3/4,5,8.7,37.6,13-12,美浦高柳瑞,474(+4),0,1600,ダート,晴,良
10.0,4,7,デルマエアロール,牝3,55.0,石橋脩,1:38.8,1/2,4,7.5,38.9,4-4,美浦大和田,458(-4),0,1600,ダート,晴,良
11.0,6,12,サクラカゼ,牝3,52.0,▲佐藤,1:39.0,3/4,13,197.1,37.8,16-14,美浦堀内,452(-8),0,1600,ダート,晴,良
12.0,1,1,ミズイロ,牝3,55.0,丸田,1:39.3,2,15,233.7,38.9,7-7,美浦高橋文,434(0),0,1600,ダート,晴,良
13.0,2,4,ハコダテサンバ,牝3,55.0,石川,1:39.3,アタマ,11,154.3,38.1,13-14,美浦相沢,462(-2),0,1600,ダート,晴,良
14.0,5,9,キタノルシール,牝3,52.0,▲石田,1:39.8,2.1/2,16,265.7,38.6,15-14,美浦小西,454(+6),0,1600,ダート,晴,良
15.0,6,11,アビッサルスター,牝3,55.0,レーン,1:40.1,1.3/4,1,3.2,40.3,4-4,美浦堀,430(-2),0,1600,ダート,晴,良
16.0,3,6,ニシノクレシダ,牝3,55.0,江田照,1:40.4,2,14,223.1,39.6,9-10,美浦栗田,448(-4),0,1600,ダート,晴,良
1.0,8,16,サクラパステル,牝3,55.0,丸山,1:25.6,,4,8.0,36.0,1-1,美浦田島,470(-6),1,1400,ダート,晴,良
2.0,1,2,ガンバレベアー,牝3,55.0,内田博,1:26.1,3,1,3.5,35.5,12-11,美浦千葉,474(-4),1,1400,ダート,晴,良
3.0,1,1,ウインレアリゼ,牝3,52.0,▲石神道,1:26.2,1,8,14.2,35.9,10-7,美浦小手川,472(+8),1,1400,ダート,晴,良
4.0,7,14,キタノショウリュウ,牡3,57.0,野中,1:26.3,クビ,10,69.2,36.5,2-2,美浦伊藤伸,482(-8),0,1400,ダート,晴,良
5.0,8,15,プロピエダッド,牝3,55.0,丸田,1:26.3,クビ,11,91.6,36.4,5-5,美浦武藤,474(0),0,1400,ダート,晴,良
6.0,7,13,ペイシャブギー,牝3,55.0,菊沢,1:26.3,クビ,9,25.1,36.5,2-2,美浦本間,424(-4),0,1400,ダート,晴,良
7.0,5,9,アシャカルーク,牡3,57.0,横山典,1:26.5,1,5,8.5,36.4,5-6,美浦鈴木伸,442(-4),0,1400,ダート,晴,良
8.0,2,3,アンエクスプロード,牡3,57.0,三浦,1:26.5,クビ,7,9.4,35.6,14-14,美浦池上,506(+4),0,1400,ダート,晴,良
9.0,4,7,ルージュアマリア,牝3,55.0,菅原明,1:26.7,1,6,9.3,36.4,8-7,美浦黒岩,396(-4),0,1400,ダート,晴,良
10.0,3,5,メイユウ,牡3,57.0,石川,1:26.7,クビ,2,4.9,36.9,2-2,美浦蛯名正,468(0),0,1400,ダート,晴,良
11.0,5,10,シャインシュシュ,牝3,55.0,石橋脩,1:26.9,1,13,104.0,36.2,12-13,美浦小野,476(-2),0,1400,ダート,晴,良
12.0,6,12,クリプトス,牡3,57.0,戸崎圭,1:27.0,1/2,3,6.7,36.7,8-7,美浦和田勇,482(-2),0,1400,ダート,晴,良
13.0,2,4,アンファンテリブル,牝3,52.0,▲遠藤,1:27.2,1.1/2,16,468.2,36.3,14-14,美浦堀内,458(-4),0,1400,ダート,晴,良
14.0,4,8,セットオンユー,牝3,54.0,☆横山琉,1:28.2,6,12,96.1,37.3,16-14,美浦蛯名正,398(0),0,1400,ダート,晴,良
15.0,3,6,ヤンキーパンチ,セ3,54.0,▲石田,1:28.7,3,15,257.1,38.4,5-7,美浦蛯名利,400(-2),0,1400,ダート,晴,良
16.0,6,11,ブリリアントフレア,牝3,51.0,★谷原,1:30.2,9,14,229.0,39.7,10-11,美浦松山,470(-4),0,1400,ダート,晴,良
1.0,5,10,カフェロワドール,牡3,57.0,横山典,1:37.7,,1,2.0,36.6,3-3,美浦嘉藤,488(-6),1,1600,ダート,晴,良
2.0,7,13,ソナタン,牡3,57.0,ルメー,1:37.8,3/4,2,4.9,36.6,3-3,美浦和田勇,464(-6),1,1600,ダート,晴,良
3.0,7,14,コンヴァージョン,牡3,57.0,大野,1:38.4,3.1/2,6,16.7,37.0,6-6,美浦上原博,458(-4),1,1600,ダート,晴,良
4.0,4,8,コーシューパンジャ,牡3,57.0,戸崎圭,1:38.6,1.1/4,5,11.3,36.5,16-14,美浦勢司,488(0),0,1600,ダート,晴,良
5.0,1,2,スターエンブレム,牡3,57.0,菅原明,1:38.6,クビ,4,7.5,37.7,2-2,美浦林,482(+14),0,1600,ダート,晴,良
6.0,6,12,オオタチ,牡3,57.0,田辺,1:38.7,クビ,3,5.8,36.5,14-14,美浦久保田,452(+2),0,1600,ダート,晴,良
7.0,6,11,アドベントシーズン,牡3,57.0,小沢,1:38.8,1/2,9,107.7,37.1,9-9,美浦畠山,434(-8),0,1600,ダート,晴,良
8.0,4,7,ノブダブルホワイト,牡3,57.0,木幡育,1:39.2,2.1/2,15,350.7,37.5,9-9,美浦松永康,434(-4),0,1600,ダート,晴,良
9.0,1,1,ココリハクタク,牡3,54.0,▲石神道,1:39.2,クビ,16,383.4,38.0,3-3,美浦古賀,458(0),0,1600,ダート,晴,良
10.0,2,3,ジーティーレグルス,牡3,57.0,丸田,1:39.2,ハナ,11,151.3,39.5,1-1,美浦栗田,466(0),0,1600,ダート,晴,良
11.0,2,4,インティパイロ,牝3,54.0,☆横山琉,1:39.4,1,10,135.4,37.4,12-12,美浦小島,470(0),0,1600,ダート,晴,良
12.0,8,16,ミンナデガンバル,牡3,54.0,▲水沼,1:39.5,アタマ,8,39.4,37.7,11-9,美浦西田,494(+2),0,1600,ダート,晴,良
13.0,5,9,アンダーザブリッジ,セ3,57.0,荻野極,1:39.5,アタマ,12,182.5,38.0,6-6,美浦尾関,440(0),0,1600,ダート,晴,良
14.0,3,6,グールマン,牡3,57.0,津村,1:41.3,大,7,20.1,39.4,12-12,美浦池上,538(+6),0,1600,ダート,晴,良
15.0,8,15,キャレ,牝3,55.0,内田博,1:41.4,1,13,297.7,39.3,14-14,美浦辻,426(-14),0,1600,ダート,晴,良
16.0,3,5,マサユメ,セ3,57.0,石橋脩,1:42.6,7,14,309.8,41.2,6-6,美浦小野,452(-6),0,1600,ダート,晴,良
1.0,7,13,ジャサルディア,牝3,55.0,ルメー,1:33.1,,1,1.9,35.1,2-2,美浦萩原,468(-4),1,1600,芝,晴,良
2.0,3,6,フィーユチャン,牝3,55.0,三浦,1:33.4,1.3/4,5,12.9,34.9,5-5,美浦斎藤誠,446(+2),1,1600,芝,晴,良
3.0,3,5,エンゲルシュピール,牝3,55.0,田辺,1:33.7,1.1/2,6,18.2,34.9,8-8,美浦田村,458(+2),1,1600,芝,晴,良
4.0,7,14,ノーブルライナー,牡3,57.0,川田,1:33.9,1.1/4,3,6.2,35.6,3-3,美浦中川,488(+4),0,1600,芝,晴,良
5.0,5,9,ポタリング,セ3,57.0,江田照,1:33.9,クビ,12,121.8,35.7,3-3,美浦武藤,430(0),0,1600,芝,晴,良
6.0,6,12,テンドリームガール,牝3,55.0,津村,1:34.0,1/2,10,46.5,35.0,11-10,美浦矢野,410(-4),0,1600,芝,晴,良
7.0,5,10,スターリーナイト,牝3,55.0,レーン,1:34.0,クビ,2,5.3,35.4,5-5,美浦蛯名正,436(+10),0,1600,芝,晴,良
8.0,1,1,ソランチャン,牝3,55.0,丸田,1:34.1,アタマ,11,76.7,35.1,11-10,美浦小手川,438(+8),0,1600,芝,晴,良
9.0,8,16,タイキブライトン,牡3,57.0,内田博,1:34.1,クビ,9,31.8,35.3,9-8,美浦萱野,458(0),0,1600,芝,晴,良
10.0,4,7,コスタヴェルデ,牝3,55.0,荻野極,1:35.1,6,14,173.9,35.0,15-15,美浦鹿戸,382(0),0,1600,芝,晴,良
11.0,8,15,マイネルゲミュート,牡3,54.0,▲石神道,1:35.4,1.1/2,13,137.4,36.3,9-10,美浦清水英,436(+10),0,1600,芝,晴,良
12.0,2,4,ガジュノリホワイト,牡3,57.0,ディー,1:35.8,2,4,10.8,37.1,5-7,美浦尾形,456(-4),0,1600,芝,晴,良
13.0,1,2,ユキノホワイト,牝3,55.0,石橋脩,1:35.8,ハナ,16,422.8,35.9,14-14,美浦小野,418(+8),0,1600,芝,晴,良
14.0,2,3,ラムコーク,牝3,55.0,戸崎圭,1:36.7,5,7,27.9,37.2,11-13,美浦田中博,418(+4),0,1600,芝,晴,良
15.0,6,11,テンフレッシュ,牝3,55.0,菅原明,1:37.2,3.1/2,8,28.0,39.2,1-1,美浦田村,466(-2),0,1600,芝,晴,良
16.0,4,8,ロジアンドモルタル,牡3,57.0,嶋田,1:38.8,10,15,197.8,38.5,15-16,美浦大竹,480(-2),0,1600,芝,晴,良
1.0,3,3,モノポリオ,牡2,55.0,ルメー,1:47.8,,1,1.6,34.0,4-5-5,美浦森一,472(0),1,1800,芝,晴,良
2.0,2,2,ブラックハヤテ,牡2,52.0,▲石神道,1:48.2,2.1/2,9,146.1,35.1,1-1-1,美浦蛯名利,440(0),1,1800,芝,晴,良
3.0,6,7,シーズザスローン,牡2,55.0,戸崎圭,1:48.3,クビ,4,9.5,34.3,6-6-6,栗東松永幹,468(0),1,1800,芝,晴,良
4.0,7,10,ワンダフルデイズ,牡2,55.0,津村,1:48.5,1.1/2,5,14.4,35.3,2-2-2,栗東高橋忠,492(0),0,1800,芝,晴,良
5.0,8,12,グランセレスト,牡2,55.0,三浦,1:48.7,1.1/4,6,17.8,35.2,4-3-3,美浦竹内,510(0),0,1800,芝,晴,良
6.0,1,1,マサッチェハマー,牡2,55.0,ディー,1:48.8,クビ,8,52.6,35.3,3-3-3,美浦伊藤大,484(0),0,1800,芝,晴,良
7.0,5,5,ダノンオブアイデア,牡2,55.0,レーン,1:48.9,3/4,3,7.1,34.9,6-6-6,栗東藤原,498(0),0,1800,芝,晴,良
8.0,4,4,アトモス,牡2,55.0,横山典,1:50.1,7,7,18.9,34.8,11-11-10,栗東角田,464(0),0,1800,芝,晴,良
9.0,7,9,チャリングクロス,牡2,55.0,川田,1:50.1,クビ,2,5.3,34.8,10-10-10,美浦奥村武,468(0),0,1800,芝,晴,良
10.0,8,11,モンサンジャスミン,牝2,55.0,木幡巧,1:50.9,5,11,237.7,36.7,9-8-8,美浦牧,380(0),0,1800,芝,晴,良
11.0,6,8,レイランディ,牡2,55.0,内田博,1:51.2,1.1/2,12,258.6,36.1,8-9-9,美浦古賀,460(0),0,1800,芝,晴,良
12.0,5,6,ロジキセキ,牡2,55.0,大野,1:52.2,6,10,206.0,35.9,11-12-12,美浦新開,480(0),0,1800,芝,晴,良
1.0,4,8,ペルセア,牝2,55.0,ルメー,1:25.1,,3,5.2,36.3,1-1,美浦武井,502(0),1,1400,ダート,晴,良
2.0,7,13,アルカディアカフェ,牡2,55.0,レーン,1:25.2,クビ,1,1.9,36.1,3-2,美浦堀,452(0),1,1400,ダート,晴,良
3.0,4,7,ドナシェーン,牝2,55.0,菅原明,1:26.2,6,5,19.2,36.5,9-9,美浦栗田,442(0),1,1400,ダート,晴,良
4.0,2,4,ワンモメンタム,牡2,55.0,川田,1:26.6,2.1/2,2,4.3,37.2,6-6,美浦萩原,488(0),0,1400,ダート,晴,良
5.0,6,12,リアライズタキオン,牡2,55.0,石川,1:27.3,4,4,8.2,37.9,6-6,美浦手塚久,462(0),0,1400,ダート,晴,良
6.0,3,5,ハイライトニング,牡2,55.0,大野,1:27.5,1.1/2,11,142.7,36.1,16-16,美浦嘉藤,474(0),0,1400,ダート,晴,良
7.0,7,14,ケナゲ,牝2,52.0,▲石神道,1:27.8,1.3/4,15,290.3,37.0,15-15,美浦和田雄,448(0),0,1400,ダート,晴,良
8.0,8,16,ニシノランペイジ,牡2,55.0,内田博,1:27.8,ハナ,9,51.7,37.9,10-10,美浦松山,460(0),0,1400,ダート,晴,良
9.0,6,11,ピコオーバル,牡2,55.0,津村,1:27.9,1/2,7,38.3,37.3,12-13,栗東秋山,500(0),0,1400,ダート,晴,良
10.0,8,15,リワードシュテルン,牝2,55.0,横山典,1:27.9,アタマ,12,183.2,37.6,12-11,美浦村田,482(0),0,1400,ダート,晴,良
11.0,2,3,ポセイドンテソーロ,牡2,55.0,木幡巧,1:28.2,2,6,25.6,39.0,5-5,美浦牧,440(0),0,1400,ダート,晴,良
12.0,1,2,セイウンレガーメ,牝2,55.0,丸山,1:28.6,2.1/2,10,121.6,39.5,3-2,美浦田島,430(0),0,1400,ダート,晴,良
13.0,3,6,スレドナゴラ,牝2,55.0,丸田,1:28.8,1,8,50.7,39.3,6-8,美浦田中勝,448(0),0,1400,ダート,晴,良
14.0,5,10,サンクスアミリオン,牝2,55.0,江田照,1:29.1,2,13,194.3,40.1,2-2,美浦金成,488(0),0,1400,ダート,晴,良
15.0,1,1,イーガービーバー,牡2,55.0,荻野極,1:29.2,1/2,14,278.3,38.9,11-11,美浦和田郎,452(0),0,1400,ダート,晴,良
16.0,5,9,ソークール,牡2,55.0,小林脩,1:29.4,1,16,344.1,38.9,12-13,美浦佐藤吉,466(0),0,1400,ダート,晴,良
1.0,2,3,シルフレイ,牝3,55.0,レーン,1:18.0,,1,1.7,36.1,4-3,美浦千葉,420(-4),1,1300,ダート,晴,良
2.0,4,8,エテオクロス,牡3,54.0,▲石田,1:18.2,1.1/2,5,15.2,36.2,4-5,美浦新開,516(-2),1,1300,ダート,晴,良
3.0,5,10,ピーターライズ,牡3,57.0,川田,1:18.2,ハナ,3,7.2,36.1,4-5,美浦伊藤圭,488(-14),1,1300,ダート,晴,良
4.0,2,4,ルックアトミー,牝3,55.0,菊沢,1:18.4,1.1/4,4,10.7,36.8,1-1,美浦菊沢,488(-6),0,1300,ダート,晴,良
5.0,7,13,アイドル,牝3,55.0,津村,1:18.7,1.3/4,2,4.9,37.0,2-2,美浦上原佑,494(0),0,1300,ダート,晴,良
6.0,8,15,タブロー,牝3,55.0,荻野極,1:19.7,6,6,15.3,37.8,2-3,美浦矢野,458(-4),0,1300,ダート,晴,良
7.0,6,12,アイアンオバーカム,牝3,55.0,丸田,1:19.8,1/2,10,86.9,37.2,8-8,美浦南田,450(+2),0,1300,ダート,晴,良
8.0,3,6,ムーンナイト,牡3,57.0,木幡巧,1:19.9,クビ,7,35.9,37.1,9-10,美浦黒岩,528(-16),0,1300,ダート,晴,良
9.0,6,11,ニジノカナタニ,牝3,55.0,内田博,1:20.1,1.1/2,11,97.9,37.3,9-10,美浦中川,472(+8),0,1300,ダート,晴,良
10.0,4,7,ブルームソング,牝3,55.0,吉田豊,1:20.2,クビ,9,63.2,37.2,12-12,美浦高橋文,512(-4),0,1300,ダート,晴,良
11.0,3,5,ハクシンダンス,牝3,52.0,▲遠藤,1:20.5,1.3/4,16,406.0,37.1,13-13,美浦伊藤伸,466(+6),0,1300,ダート,晴,良
12.0,7,14,サラサエンペラー,牡3,57.0,江田照,1:20.5,クビ,8,43.8,38.2,7-7,美浦村田,470(0),0,1300,ダート,晴,良
13.0,1,2,ジェイエルタイド,牝3,55.0,小林凌,1:22.3,大,15,403.2,39.7,9-8,美浦小西,448(0),0,1300,ダート,晴,良
14.0,5,9,ベネスティローザ,牝3,55.0,菅原隆,1:22.3,クビ,13,303.2,38.6,14-14,美浦小手川,458(0),0,1300,ダート,晴,良
15.0,8,16,アルバーチョ,牝3,55.0,野中,1:25.7,大,14,397.3,40.7,15-15,美浦柄崎,454(+4),0,1300,ダート,晴,良
16.0,1,1,キタノシュナイダー,牝3,52.0,▲水沼,1:26.4,4,12,254.9,38.6,16-16,美浦本間,416(0),0,1300,ダート,晴,良
1.0,4,8,ブルーマエストロ,牡3,55.0,ルメー,1:46.4,,1,2.2,34.3,5-5-4,美浦黒岩,458(-8),1,1800,芝,晴,良
2.0,3,6,トロピカルティー,牝4,56.0,菅原明,1:46.6,1.1/4,4,9.1,34.0,13-12-12,美浦林,440(+8),1,1800,芝,晴,良
3.0,5,9,アドミラルシップ,牡4,58.0,石川,1:46.8,1.1/4,3,5.5,34.3,8-12-12,美浦相沢,464(+4),1,1800,芝,晴,良
4.0,7,14,コスモイシュタル,牝3,53.0,津村,1:46.8,ハナ,6,19.0,34.9,3-3-3,美浦深山,424(0),0,1800,芝,晴,良
5.0,1,2,ヤエギリ,牝3,53.0,ディー,1:46.8,ハナ,7,25.5,34.7,2-5-4,栗東福永,470(+2),0,1800,芝,晴,良
6.0,2,3,ドリームクルーズ,牝4,56.0,吉田豊,1:47.2,2,9,62.2,35.5,1-1-1,美浦戸田,488(-4),0,1800,芝,晴,良
7.0,6,12,トレベルオール,牡4,58.0,石橋脩,1:47.2,ハナ,13,204.1,35.4,3-2-2,美浦辻,454(-2),0,1800,芝,晴,良
8.0,4,7,イージーブリージー,牝4,56.0,三浦,1:47.2,ハナ,8,38.5,34.9,8-8-8,美浦伊坂,448(0),0,1800,芝,晴,良
9.0,6,11,ノラリクラリ,牡3,55.0,内田博,1:47.3,3/4,11,91.8,34.6,8-14-14,栗東藤岡,434(-2),0,1800,芝,晴,良
10.0,5,10,トゥルーサクセサー,牡4,58.0,荻野極,1:47.4,クビ,10,77.4,35.4,16-5-4,美浦高木,468(0),0,1800,芝,晴,良
11.0,3,5,ネイサン,牡4,58.0,菊沢,1:47.4,アタマ,14,220.2,34.6,13-14-15,美浦粕谷,470(-4),0,1800,芝,晴,良
12.0,7,13,ボナーテソーロ,牡4,58.0,木幡巧,1:47.6,1.1/4,16,372.4,35.3,5-8-8,美浦牧,474(0),0,1800,芝,晴,良
13.0,8,16,アセンブリールーム,牡3,55.0,レーン,1:47.6,クビ,5,9.3,34.8,15-14-15,美浦中川,466(0),0,1800,芝,晴,良
14.0,1,1,コスモキャバリエ,牡3,55.0,野中,1:48.4,5,15,230.0,36.4,5-3-4,美浦高木,466(-8),0,1800,芝,晴,良
15.0,8,15,エリカアンディーヴ,牝3,53.0,戸崎圭,1:48.6,1.1/4,2,4.5,36.2,8-11-8,栗東吉岡,492(+4),0,1800,芝,晴,良
16.0,2,4,アンティーゾ,牡5,58.0,丸山,1:49.3,4,12,135.6,37.0,12-8-8,美浦森一,548(+10),0,1800,芝,晴,良
1.0,3,3,ヤマニンブークリエ,牡3,52.0,横山典,2:25.4,,2,3.6,34.8,3-3-3-4,栗東松永幹,516(+4),1,2400,芝,晴,良
2.0,8,9,ピックデムッシュ,牡3,54.0,ルメー,2:25.7,1.3/4,1,1.4,35.3,3-2-2-2,美浦鹿戸,458(+4),1,2400,芝,晴,良
3.0,4,4,サトノスカイターフ,牡7,56.0,レーン,2:25.8,1,4,19.8,34.9,7-6-8-7,栗東池江,498(-12),1,2400,芝,晴,良
4.0,6,6,クロシェットノエル,牝4,54.0,ディー,2:26.4,3.1/2,3,6.8,35.7,8-8-6-5,美浦戸田,458(0),0,2400,芝,晴,良
5.0,8,8,オウケンボルト,牡6,55.0,吉田豊,2:26.8,2.1/2,7,56.5,36.5,1-1-1-1,美浦土田,446(-2),0,2400,芝,晴,良
6.0,5,5,アメジストブラック,牡6,57.0,小沢,2:27.0,1.1/4,5,34.8,36.6,5-3-3-2,栗東小椋,516(-10),0,2400,芝,晴,良
7.0,2,2,コルデアニル,牝5,51.0,伊藤,2:27.7,4,8,200.2,36.8,6-6-6-7,美浦金成,472(-4),0,2400,芝,晴,良
8.0,7,7,ヒシタイカン,セ5,55.0,大野,2:28.6,5,6,50.2,37.9,2-3-5-5,美浦堀,436(+4),0,2400,芝,晴,良
9.0,1,1,スズノイナズマ,セ7,51.0,木幡初,2:32.5,大,9,288.4,40.5,8-8-9-9,美浦深山,480(+6),0,2400,芝,晴,良
1.0,6,10,トラペジスト,牡4,58.0,レーン,1:21.1,,2,3.7,34.1,7-7,栗東秋山,538(0),1,1400,芝,晴,良
2.0,5,8,ダノンキラウェア,牡4,58.0,三浦,1:21.1,クビ,6,20.1,34.7,3-3,栗東中内田,474(+16),1,1400,芝,晴,良
3.0,8,13,コンテネレッツア,牝4,56.0,ルメー,1:21.1,ハナ,3,4.8,33.9,8-8,美浦宮田,474(-2),1,1400,芝,晴,良
4.0,3,4,ハクサンイーグル,牡4,58.0,菅原明,1:21.2,3/4,5,12.9,35.0,2-2,美浦土田,474(0),0,1400,芝,晴,良
5.0,3,3,エリカカリーナ,牝4,56.0,津村,1:21.5,1.1/2,4,12.7,35.4,1-1,美浦宮田,426(-14),0,1400,芝,晴,良
6.0,1,1,ビップジーニー,牡4,58.0,川田,1:21.5,クビ,7,25.3,35.1,3-3,栗東松下,486(0),0,1400,芝,晴,良
7.0,4,5,プリティディーヴァ,牝3,53.0,ディー,1:21.7,1,1,2.3,35.0,5-5,美浦田中博,468(+4),0,1400,芝,晴,良
8.0,6,9,クイックバイオ,牝4,56.0,横山典,1:21.7,クビ,8,25.4,34.2,11-10,栗東須貝,492(+2),0,1400,芝,晴,良
9.0,7,12,コスモディナー,牝4,56.0,横山琉,1:21.8,1/2,11,139.3,34.0,12-12,美浦伊藤伸,474(-2),0,1400,芝,晴,良
10.0,2,2,ルヴァンノワール,牝7,56.0,荻野極,1:21.9,1/2,13,183.0,35.2,5-5,栗東庄野,458(-4),0,1400,芝,晴,良
11.0,8,14,エールレヴリー,牝5,56.0,石橋脩,1:22.1,1.1/4,12,180.5,34.1,13-13,栗東武英,484(+2),0,1400,芝,晴,良
12.0,7,11,ホークマン,牡4,58.0,木幡初,1:23.0,5,14,458.5,35.5,10-10,美浦粕谷,488(+6),0,1400,芝,晴,良
13.0,4,6,スピリットガイド,セ4,58.0,石川,1:23.3,1.1/2,10,47.7,35.3,13-13,美浦手塚久,520(0),0,1400,芝,晴,良
14.0,5,7,スマートジェイナ,牝5,56.0,戸崎圭,1:23.5,1,9,36.5,36.3,8-8,栗東加藤公,456(+18),0,1400,芝,晴,良
1.0,1,2,チザルピーノ,セ4,58.0,レーン,1:36.6,,1,2.0,36.6,3-3,美浦堀,462(-6),1,1600,ダート,晴,良
2.0,3,5,キョウエイカンセ,牡4,55.0,▲遠藤,1:36.8,1.1/2,9,47.9,35.6,11-9,美浦萱野,498(0),1,1600,ダート,晴,良
3.0,6,11,レッドエウロス,セ3,55.0,大野,1:36.9,1/2,2,4.3,36.1,8-8,美浦田中博,470(+2),1,1600,ダート,晴,良
4.0,8,15,ショウナンヤッホー,牡3,55.0,菅原明,1:37.0,1/2,3,5.8,36.5,6-7,美浦栗田,482(0),0,1600,ダート,晴,良
5.0,2,4,ファンタイムギフト,牡3,55.0,田辺,1:37.0,ハナ,4,7.7,35.6,12-11,美浦相沢,498(0),0,1600,ダート,晴,良
6.0,8,16,サムワンライクユー,牡5,58.0,内田博,1:37.2,1,7,34.9,37.1,3-3,美浦佐藤吉,470(-8),0,1600,ダート,晴,良
7.0,4,8,マイネルブリオン,牡3,52.0,▲石神道,1:37.2,ハナ,10,60.8,37.4,2-2,美浦矢野,486(0),0,1600,ダート,晴,良
8.0,7,14,ポッドベル,牡3,55.0,小沢,1:37.6,2.1/2,6,20.3,37.3,5-5,美浦和田勇,462(-8),0,1600,ダート,晴,良
9.0,6,12,ブレットフライ,牡6,57.0,☆横山琉,1:37.9,2,8,36.9,36.3,14-13,美浦萱野,518(+4),0,1600,ダート,晴,良
10.0,2,3,スナイチゴールド,牡5,58.0,吉田豊,1:38.3,2.1/2,12,161.9,36.3,16-16,美浦加藤和,546(+6),0,1600,ダート,晴,良
11.0,3,6,アルシミスト,牡4,58.0,津村,1:38.4,1/2,11,118.8,37.2,9-9,美浦木村,518(+4),0,1600,ダート,晴,良
12.0,5,10,アドアプローズ,牡4,55.0,▲佐藤,1:38.5,クビ,15,313.1,36.7,14-15,美浦小手川,476(+6),0,1600,ダート,晴,良
13.0,4,7,ロストボール,セ6,55.0,▲水沼,1:38.5,クビ,16,375.9,36.9,12-13,美浦加藤和,450(-2),0,1600,ダート,晴,良
14.0,5,9,サノノアメリカン,牡3,55.0,木幡巧,1:39.4,5,14,269.2,39.0,6-5,美浦中舘,454(-8),0,1600,ダート,晴,良
15.0,7,13,カイトベルク,牡3,55.0,丸山,1:40.6,7,13,232.1,41.0,1-1,美浦和田雄,536(-8),0,1600,ダート,晴,良
16.0,1,1,プロスペクトパーク,牡3,55.0,ディー,1:40.9,2,5,16.5,39.5,9-11,美浦高柳瑞,500(0),0,1600,ダート,晴,良
1.0,6,12,オーケアニス,牝3,55.0,坂井,1:55.3,,1,1.8,40.5,1-1-1-1,栗東松永幹,458(-6),1,1800,ダート,晴,良
2.0,7,14,クラリティー,牝3,55.0,角田和,1:56.1,5,7,17.5,41.1,2-2-2-2,栗東長谷川,498(+30),1,1800,ダート,晴,良
3.0,3,6,コスモサンビタリア,牝3,55.0,小崎,1:56.3,1,4,9.9,41.0,5-5-3-3,栗東西園翔,446(-2),1,1800,ダート,晴,良
4.0,3,5,フクノフィアーノン,牝3,55.0,高倉,1:56.9,3.1/2,6,13.4,40.1,5-8-13-14,栗東武英,420(+2),0,1800,ダート,晴,良
5.0,1,1,フランコジャポネ,牝3,54.0,☆吉村,1:56.9,ハナ,8,20.7,41.3,12-11-9-6,栗東高橋亮,472(-4),0,1800,ダート,晴,良
6.0,2,3,エンチャントリバー,牝3,55.0,斎藤,1:57.3,2.1/2,11,180.5,41.1,10-11-11-9,栗東高橋亮,432(+2),0,1800,ダート,晴,良
7.0,5,9,ショウリュウシエル,牝3,52.0,▲田山,1:57.9,3.1/2,12,183.9,41.4,12-13-13-13,栗東佐々木,472(0),0,1800,ダート,晴,良
8.0,4,8,ガイラルディア,牝3,55.0,松若,1:58.1,1,10,35.3,42.5,5-6-6-8,栗東藤野,464(+6),0,1800,ダート,晴,良
9.0,6,11,ドマーネ,牝3,55.0,幸,1:58.2,1,5,11.3,42.6,10-9-6-6,栗東辻野,438(+10),0,1800,ダート,晴,良
10.0,8,15,キタノプレンティ,牝3,53.0,◇永島,1:58.9,4,9,26.5,43.6,3-3-3-3,栗東高橋康,456(-6),0,1800,ダート,晴,良
11.0,2,4,テイエムドリーマー,牝3,54.0,☆高杉,1:59.0,3/4,2,7.2,43.8,4-3-3-3,栗東畑端,484(+6),0,1800,ダート,晴,良
12.0,4,7,ハナカホノカ,牝3,51.0,★河原田,1:59.3,1.3/4,13,219.1,43.2,8-9-10-9,栗東宮本,440(-16),0,1800,ダート,晴,良
13.0,8,16,メイショウクレピス,牝3,55.0,藤懸,1:59.7,2.1/2,14,286.1,43.5,14-14-11-11,栗東本田,502(-4),0,1800,ダート,晴,良
14.0,5,10,テンリッチスマイル,牝3,55.0,亀田,1:59.8,クビ,3,9.2,42.5,14-14-15-15,栗東高柳大,498(0),0,1800,ダート,晴,良
15.0,7,13,ジョーテルプジ,牝3,55.0,田口,2:01.0,7,15,417.9,42.9,16-16-16-16,栗東中竹,454(+8),0,1800,ダート,晴,良
16.0,1,2,エイカイソフィア,牝3,55.0,加藤,2:01.6,3.1/2,16,420.1,45.9,8-6-8-11,栗東梅田,410(-10),0,1800,ダート,晴,良
1.0,8,16,ウルスクローム,牡3,57.0,幸,1:12.4,,2,5.3,36.6,4-4,栗東大橋,476(0),1,1200,ダート,晴,良
2.0,4,7,キーガッツ,牡3,57.0,長岡,1:12.6,1.1/2,6,14.0,37.2,1-1,栗東杉山佳,462(-6),1,1200,ダート,晴,良
3.0,4,8,ステラノヴァ,牡3,56.0,☆高杉,1:12.8,1,7,15.2,37.3,2-2,栗東千田,472(0),1,1200,ダート,晴,良
4.0,8,15,シュテルンビルト,牡3,57.0,松山,1:13.0,1.1/4,1,1.9,37.0,7-5,栗東森田,458(+2),0,1200,ダート,晴,良
5.0,3,6,メイショウサトノヒ,牡3,57.0,田口,1:13.3,1.3/4,4,9.7,37.1,8-10,栗東長谷川,506(-6),0,1200,ダート,晴,良
6.0,1,1,テーオーヴァルナイ,牝3,55.0,岩田望,1:14.1,5,5,13.3,38.3,4-5,栗東浜田,442(-8),0,1200,ダート,晴,良
7.0,5,10,フェリスチカ,牝3,53.0,◇今村,1:14.2,3/4,15,236.2,37.7,13-11,栗東佐藤悠,404(+5),0,1200,ダート,晴,良
8.0,7,13,ランドプリメーロ,牡3,57.0,和田竜,1:14.3,1/2,11,117.8,38.7,3-3,栗東安達,468(-8),0,1200,ダート,晴,良
9.0,1,2,アンピュルシオン,牝3,54.0,☆吉村,1:14.3,クビ,3,6.4,38.2,8-8,栗東庄野,446(-4),0,1200,ダート,晴,良
10.0,7,14,サウンドアンフィニ,牝3,51.0,★河原田,1:15.4,7,10,108.5,39.3,8-8,栗東安達,508(+4),0,1200,ダート,晴,良
11.0,2,3,タガノグラウス,牝3,52.0,▲田山,1:15.5,3/4,16,288.6,39.6,4-5,栗東中尾,452(+6),0,1200,ダート,晴,良
12.0,5,9,メイショウルーチェ,牝3,53.0,◇永島,1:15.6,クビ,12,143.5,38.9,11-15,栗東飯田,456(-4),0,1200,ダート,晴,良
13.0,2,4,シンゼンマルノスケ,牡3,57.0,城戸,1:15.7,1/2,14,218.9,39.2,11-13,栗東荒川,452(-24),0,1200,ダート,晴,良
14.0,6,12,ナムラパール,牝3,55.0,田中健,1:15.9,1.1/4,13,176.2,39.4,13-11,栗東荒川,426(+12),0,1200,ダート,晴,良
15.0,3,5,タイプツービー,牝3,55.0,団野,1:16.2,1.3/4,8,34.0,39.4,15-13,栗東斉藤崇,492(0),0,1200,ダート,晴,良
16.0,6,11,テーオーリップマン,牡3,57.0,松若,1:16.3,1/2,9,49.6,38.8,16-16,栗東藤野,538(0),0,1200,ダート,晴,良
1.0,5,6,エテルノレガーメ,牡3,57.0,幸,1:54.4,,2,2.8,39.3,2-2-2-2,栗東野中,534(+16),1,1800,ダート,晴,良
2.0,7,11,マーウォルス,牡3,57.0,松山,1:54.8,2.1/2,1,2.4,39.5,7-7-3-3,栗東茶木,472(+2),1,1800,ダート,晴,良
3.0,8,12,タールベルク,牡3,56.0,☆吉村,1:54.9,1/2,5,12.1,39.9,1-1-1-1,栗東杉山晴,508(-4),1,1800,ダート,晴,良
4.0,6,9,エイシンキャロッツ,牡3,57.0,岩田望,1:55.4,3,3,6.2,39.8,4-4-4-5,栗東小崎,464(+6),0,1800,ダート,晴,良
5.0,5,7,エルフェニックス,牡3,57.0,水口,1:55.5,3/4,6,15.6,39.6,9-9-8-5,栗東浜田,488(-6),0,1800,ダート,晴,良
6.0,1,1,クラヴィウス,牡3,57.0,中井,1:55.9,2,10,66.8,40.2,11-11-6-4,栗東緒方,492(+2),0,1800,ダート,晴,良
7.0,4,5,ハックルベリー,牡3,57.0,田口,1:56.4,3,4,12.1,40.5,4-4-6-7,栗東加藤公,490(-4),0,1800,ダート,晴,良
8.0,3,3,ラストショット,牡3,55.0,◇永島,1:57.0,4,12,91.7,40.9,8-8-8-9,栗東高橋康,460(+2),0,1800,ダート,晴,良
9.0,8,13,ダンツトラバース,牡3,53.0,★河原田,1:58.5,9,11,79.8,42.7,2-3-4-9,栗東本田,484(+2),0,1800,ダート,晴,良
10.0,6,8,エムズドリーム,牡3,57.0,和田翼,1:58.6,1/2,13,217.5,42.5,10-10-11-7,栗東谷,430(0),0,1800,ダート,晴,良
11.0,2,2,エンハンス,牡3,57.0,藤懸,1:58.7,1/2,9,61.4,39.5,13-13-13-13,栗東矢作,492(-6),0,1800,ダート,晴,良
12.0,7,10,フレッシュノワール,牡3,57.0,斎藤,1:58.9,1,7,45.9,42.7,4-4-8-11,栗東池添,490(0),0,1800,ダート,晴,良
13.0,4,4,メイショウユウボシ,牡3,57.0,角田和,2:00.1,7,8,53.0,42.8,12-12-12-12,栗東飯田,484(0),0,1800,ダート,晴,良
1.0,6,8,タイセイボーグ,牝2,55.0,田口,1:22.6,,2,3.0,35.5,3-3,栗東松下,466(0),1,1400,芝,晴,良
2.0,5,5,ジェイストリーク,牝2,55.0,坂井,1:22.7,クビ,3,6.1,36.2,1-1,栗東武幸,484(0),1,1400,芝,晴,良
3.0,8,11,ビッグヒーロー,牡2,55.0,岩田望,1:22.7,アタマ,1,2.9,35.3,5-5,栗東福永,476(0),1,1400,芝,晴,良
4.0,6,7,ダイシンデリー,牡2,55.0,松山,1:22.8,1,4,6.7,35.1,6-6,栗東池添,458(0),0,1400,芝,晴,良
5.0,5,6,ディーリライズ,牡2,54.0,☆高杉,1:22.9,クビ,5,6.7,35.7,4-3,栗東緒方,460(0),0,1400,芝,晴,良
6.0,1,1,ブライトフレア,牡2,54.0,☆西塚,1:23.7,5,6,23.8,35.9,7-7,栗東佐藤悠,440(0),0,1400,芝,晴,良
7.0,7,9,サウンドコネクト,牡2,55.0,高倉,1:24.2,3,8,65.4,35.9,11-9,栗東安達,436(0),0,1400,芝,晴,良
8.0,8,12,メテオロイド,牡2,55.0,松若,1:24.5,1.3/4,10,76.5,37.9,2-2,栗東宮地,444(0),0,1400,芝,晴,良
9.0,4,4,クライナリーゼ,牡2,53.0,◇永島,1:24.5,アタマ,11,103.2,36.6,8-7,栗東高橋康,370(0),0,1400,芝,晴,良
10.0,2,2,ピコラディアント,牝2,55.0,幸,1:24.8,1.3/4,7,40.5,36.6,8-11,栗東秋山,468(0),0,1400,芝,晴,良
11.0,3,3,アドフランマム,牡2,55.0,太宰,1:24.8,クビ,9,73.7,36.8,8-9,栗東本田,500(0),0,1400,芝,晴,良
12.0,7,10,カンフーヒーロー,牡2,55.0,水口,1:28.7,大,12,190.5,38.3,12-12,美浦的場,490(0),0,1400,芝,晴,良
1.0,5,8,フララナキラ,牡3,57.0,坂井,2:01.3,,2,3.5,35.8,2-3-3-2,栗東田中克,448(-2),1,2000,芝,晴,良
2.0,6,11,リビングストン,牡3,57.0,岩田望,2:01.3,アタマ,1,3.2,35.8,2-2-2-2,栗東吉岡,528(-6),1,2000,芝,晴,良
3.0,2,2,パイオニアスクエア,牡3,57.0,和田竜,2:01.5,1.1/4,5,12.3,35.8,5-4-3-4,栗東友道,506(0),1,2000,芝,晴,良
4.0,4,7,キングベル,牡3,57.0,菱田,2:01.6,3/4,7,18.1,35.2,12-12-12-11,栗東鈴木孝,532(+4),0,2000,芝,晴,良
5.0,5,9,シックスパック,牡3,55.0,◇永島,2:01.7,1/2,6,16.3,36.0,2-4-5-4,栗東須貝,434(-2),0,2000,芝,晴,良
6.0,7,13,キラーチューン,牝3,55.0,団野,2:01.7,ハナ,4,5.6,35.9,8-7-6-6,栗東斉藤崇,418(-8),0,2000,芝,晴,良
7.0,1,1,アンビアンス,牝3,55.0,酒井,2:01.8,1/2,8,58.6,35.6,11-11-9-8,栗東清水久,440(-4),0,2000,芝,晴,良
8.0,8,15,セルリアンドロップ,牡3,57.0,太宰,2:02.1,1.3/4,10,67.0,36.1,8-9-8-7,栗東宮,466(-6),0,2000,芝,晴,良
9.0,2,3,ウインヘリオドール,牡3,57.0,松山,2:02.2,クビ,3,4.9,36.7,1-1-1-1,栗東梅田,500(0),0,2000,芝,晴,良
10.0,3,5,ジェットエアー,牡3,53.0,★河原田,2:02.5,2,9,64.5,36.3,5-6-6-10,栗東清水久,502(-2),0,2000,芝,晴,良
11.0,6,10,ヴァリラプトル,牝3,55.0,斎藤,2:02.5,クビ,11,80.5,36.3,8-9-9-8,栗東高野,416(-2),0,2000,芝,晴,良
12.0,8,14,ナムラブルータス,牡3,57.0,田口,2:03.4,5,13,138.5,37.0,5-7-9-12,栗東大橋,478(-6),0,2000,芝,晴,良
13.0,4,6,ミッキーティラミス,牝3,53.0,◇今村,2:04.1,4,12,92.3,37.0,13-13-13-13,栗東高橋亮,406(+12),0,2000,芝,晴,良
14.0,7,12,ラッシュグリーン,牡3,57.0,川須,2:04.3,1.1/2,14,139.5,37.0,14-14-14-14,栗東池添,518(-6),0,2000,芝,晴,良
,3,4,テレプシコーラ,牝3,54.0,☆吉村,,,,,,,栗東坂口,,0,2000,芝,晴,良
1.0,6,6,ミントマーク,牡5,58.0,幸,2:26.8,,8,31.0,34.8,6-5-5-5,栗東高橋一,476(+6),1,2400,芝,晴,良
2.0,7,7,サイモンベローチェ,牡3,54.0,酒井,2:26.8,アタマ,6,29.3,35.4,1-1-1-1,栗東佐々木,526(+8),1,2400,芝,晴,良
3.0,2,2,シャインバオバブ,牡3,54.0,太宰,2:26.8,クビ,4,20.7,34.5,7-7-8-9,栗東本田,492(-6),1,2400,芝,晴,良
4.0,3,3,クラウディアイ,牡3,54.0,坂井,2:27.0,1,1,1.5,35.0,5-5-5-5,栗東橋口,438(+4),0,2400,芝,晴,良
5.0,1,1,アットアブラスト,セ5,57.0,☆高杉,2:27.2,1.1/2,7,30.8,35.4,3-3-3-3,栗東小椋,458(-2),0,2400,芝,晴,良
6.0,7,8,サンライズバブル,牡3,51.0,▲田山,2:27.3,クビ,2,4.5,35.2,9-9-8-8,栗東新谷,516(+6),0,2400,芝,晴,良
7.0,8,10,レーヌマロン,牝3,51.0,☆吉村,2:27.5,1.1/4,3,5.6,35.5,7-7-5-5,栗東小栗,444(0),0,2400,芝,晴,良
8.0,4,4,タイセイアーサー,牡7,58.0,斎藤,2:28.2,4,10,291.4,35.7,10-10-10-10,美浦青木,482(-2),0,2400,芝,晴,良
9.0,8,9,グランデスフィーダ,牡5,58.0,岩田望,2:29.8,10,9,52.6,38.0,3-3-3-3,栗東佐藤悠,544(-4),0,2400,芝,晴,良
10.0,5,5,ネロコルヴィーノ,牡4,58.0,和田竜,2:31.0,7,5,29.2,39.4,2-2-2-2,栗東辻野,514(-8),0,2400,芝,晴,良
1.0,8,15,タガノバビロン,牡3,55.0,松山,1:53.0,,2,3.0,37.1,7-7-7-5,栗東西園翔,514(+2),1,1800,ダート,晴,良
2.0,6,12,シュドゥン,牝3,53.0,岩田望,1:53.1,クビ,5,13.9,37.1,9-9-8-8,栗東上村,466(+4),1,1800,ダート,晴,良
3.0,1,2,ゴールデンクラウド,牡3,54.0,☆吉村,1:53.7,3.1/2,1,2.3,37.9,6-4-4-5,栗東小林,520(-6),1,1800,ダート,晴,良
4.0,7,13,エイユーファイヤー,牡3,55.0,中井,1:53.9,1.1/2,7,27.1,37.8,13-12-8-9,栗東森田,494(-2),0,1800,ダート,晴,良
5.0,8,16,カペルブリュッケ,牡3,54.0,☆高杉,1:54.0,クビ,11,54.3,37.7,10-11-12-13,栗東浜田,448(-8),0,1800,ダート,晴,良
6.0,2,4,ストーンズ,牡4,58.0,水口,1:54.2,1,3,8.2,38.7,2-2-2-1,栗東友道,508(-2),0,1800,ダート,晴,良
7.0,3,5,スーパージョック,牡3,52.0,▲田山,1:54.4,1.1/4,4,13.9,38.6,4-6-4-5,栗東佐々木,484(0),0,1800,ダート,晴,良
8.0,3,6,ロードヴォイジャー,牡3,55.0,長岡,1:54.4,アタマ,6,22.2,38.9,3-3-3-2,栗東坂口,502(0),0,1800,ダート,晴,良
9.0,6,11,キタノサワヤカ,牡3,54.0,☆西塚,1:54.5,1/2,10,52.4,38.3,12-12-12-12,栗東吉田,468(+22),0,1800,ダート,晴,良
10.0,5,9,メイケイロゼッタ,牡3,55.0,酒井,1:54.5,アタマ,15,166.7,38.5,7-7-8-9,栗東河嶋,462(+8),0,1800,ダート,晴,良
11.0,5,10,フェアリーブルー,牝3,53.0,幸,1:55.1,3.1/2,8,29.3,39.5,4-4-4-4,栗東西園翔,494(+10),0,1800,ダート,晴,良
12.0,2,3,キレナイカ,牡5,58.0,田口,1:55.3,1,13,151.5,38.8,16-15-15-15,栗東須貝,516(0),0,1800,ダート,晴,良
13.0,4,7,ロックウイズユー,牡3,55.0,和田竜,1:55.3,クビ,12,55.2,39.3,10-9-8-9,栗東西園正,450(-4),0,1800,ダート,晴,良
14.0,7,14,イエローブリック,牡3,55.0,斎藤,1:55.8,3,16,219.6,39.2,14-15-15-16,栗東奥村豊,522(+1),0,1800,ダート,晴,良
15.0,4,8,クレスコドルフィン,牡3,55.0,角田和,1:56.3,3,14,162.3,39.9,14-12-14-13,栗東長谷川,526(-2),0,1800,ダート,晴,良
16.0,1,1,ボディブロー,牡4,58.0,松若,1:56.7,2.1/2,9,34.1,41.3,1-1-1-2,栗東森秀,530(0),0,1800,ダート,晴,良
1.0,8,12,ハワイアンティアレ,牝4,54.0,和田竜,1:32.6,,2,6.0,33.7,7-10,栗東松永幹,432(0),1,1600,芝,晴,良
2.0,6,8,テラメリタ,牝4,53.0,田口,1:32.7,クビ,7,16.8,34.0,7-7,栗東須貝,482(-2),1,1600,芝,晴,良
3.0,1,1,アロマデローサ,牝5,53.0,亀田,1:32.8,3/4,11,31.4,34.8,1-1,栗東池添,458(-4),1,1600,芝,晴,良
4.0,8,13,アルゲンテウス,セ6,55.0,Ｍデム,1:32.8,ハナ,8,21.1,33.5,12-12,美浦小島,466(+2),0,1600,芝,晴,良
5.0,4,5,グラフィティアート,牡3,54.0,坂井,1:33.1,1.3/4,1,2.5,34.3,10-9,栗東石橋,466(0),0,1600,芝,晴,良
6.0,7,11,ケイデンシーマーク,牝5,54.0,松山,1:33.2,1/2,5,9.5,34.7,4-5,栗東福永,450(-2),0,1600,芝,晴,良
7.0,5,7,タイセイカレント,牡3,54.0,吉村,1:33.2,ハナ,6,13.5,34.6,4-6,栗東矢作,476(+10),0,1600,芝,晴,良
8.0,4,4,メタルスピード,牡5,56.0,岩田望,1:33.5,1.1/2,3,6.2,35.1,4-3,美浦斎藤誠,512(0),0,1600,芝,晴,良
9.0,7,10,エーデルサンライズ,牝5,52.0,小崎,1:33.5,ハナ,10,30.2,34.5,11-10,栗東小林,436(0),0,1600,芝,晴,良
10.0,3,3,サクラオーラ,牝6,53.0,酒井,1:33.7,1.1/4,12,69.3,35.0,7-7,栗東河嶋,452(+20),0,1600,芝,晴,良
11.0,5,6,レッドベルアーム,牡6,55.0,幸,1:33.9,1.1/4,4,8.1,35.6,3-3,栗東河嶋,536(+10),0,1600,芝,晴,良
12.0,6,9,アンビバレント,牡5,54.0,高杉,1:34.0,1/2,9,22.9,34.7,13-12,栗東藤野,478(+4),0,1600,芝,晴,良
13.0,2,2,プシプシーナ,牝4,52.0,松若,1:34.1,3/4,13,161.1,36.0,2-2,栗東小栗,430(0),0,1600,芝,晴,良
1.0,8,12,ヴェルテンベルク,牡5,55.0,団野,2:12.0,,7,17.9,35.0,4-4-6-4,栗東宮本,478(-6),1,2200,芝,晴,良
2.0,8,11,ガジュノリ,牝4,54.0,幸,2:12.1,1/2,6,16.6,34.9,8-9-8-8,美浦尾形,476(-4),1,2200,芝,晴,良
3.0,7,10,オーロラエックス,牝4,55.0,松山,2:12.1,クビ,1,3.2,35.3,3-2-3-3,栗東杉山晴,488(+2),1,2200,芝,晴,良
4.0,3,3,タガノデュード,牡4,57.0,高杉,2:12.2,クビ,2,4.4,35.3,5-4-4-4,栗東宮,502(-2),0,2200,芝,晴,良
5.0,5,5,オールセインツ,牡4,57.0,坂井,2:12.5,2,4,6.0,35.3,8-8-8-8,栗東友道,498(+14),0,2200,芝,晴,良
6.0,1,1,ナイトインロンドン,牡5,56.0,和田竜,2:12.6,クビ,8,25.6,35.3,10-10-8-10,美浦大竹,492(0),0,2200,芝,晴,良
7.0,5,6,アクアヴァーナル,牝4,54.0,吉村,2:12.7,1/2,3,4.5,36.0,2-2-2-2,栗東四位,460(0),0,2200,芝,晴,良
8.0,6,7,アスターブジエ,牡5,56.0,Ｍデム,2:12.8,1,9,28.0,35.0,12-12-12-11,栗東中竹,468(+2),0,2200,芝,晴,良
9.0,2,2,バロッサヴァレー,牝5,53.0,岩田望,2:12.9,3/4,5,11.1,35.9,5-4-4-7,栗東高野,474(-2),0,2200,芝,晴,良
10.0,7,9,レッドヴェロシティ,牡7,56.0,杉原,2:13.1,3/4,11,42.6,36.2,7-7-6-4,美浦木村,538(-2),0,2200,芝,晴,良
11.0,4,4,イヤサカ,牝7,53.0,酒井,2:13.5,2.1/2,10,40.5,36.9,1-1-1-1,美浦天間,486(-2),0,2200,芝,晴,良
12.0,6,8,エメヴィベール,牡6,53.0,松若,2:14.8,8,12,250.6,36.9,11-11-11-12,栗東宮地,574(+6),0,2200,芝,晴,良
1.0,4,5,リカントロポ,牡3,55.0,田口,1:33.8,,6,13.0,34.9,6-6,栗東梅田,474(0),1,1600,芝,晴,良
2.0,6,10,アンジョルラス,セ4,58.0,国分優,1:34.1,1.3/4,10,35.3,34.3,14-13,栗東藤野,494(-18),1,1600,芝,晴,良
3.0,3,4,ロストシークレット,牡4,58.0,中井,1:34.1,ハナ,1,3.0,35.4,4-3,栗東中内田,464(-6),1,1600,芝,晴,良
4.0,6,9,ミトノオルフェ,牡3,55.0,幸,1:34.1,アタマ,4,6.7,34.9,9-9,栗東前川,502(+8),0,1600,芝,晴,良
5.0,8,14,インヴォーグ,牝3,53.0,岩田望,1:34.1,アタマ,3,5.7,35.5,2-2,栗東福永,494(+18),0,1600,芝,晴,良
6.0,5,8,デリュージョン,牡3,55.0,松山,1:34.1,クビ,5,11.4,35.1,7-6,栗東奥村豊,462(0),0,1600,芝,晴,良
7.0,8,13,バンディート,牡5,58.0,松若,1:34.2,クビ,12,84.1,35.8,1-1,栗東東田,526(+15),0,1600,芝,晴,良
8.0,2,2,マルモア,牝4,56.0,Ｍデム,1:34.2,クビ,8,22.7,34.7,12-11,栗東松永幹,418(0),0,1600,芝,晴,良
9.0,7,11,ルクスマーベリック,セ4,58.0,酒井,1:34.5,1.3/4,9,28.9,35.6,5-6,栗東松永幹,444(-4),0,1600,芝,晴,良
10.0,7,12,ダイシンラー,牡3,54.0,☆吉村,1:34.5,クビ,7,16.4,35.8,9-3,栗東梅田,502(-2),0,1600,芝,晴,良
11.0,3,3,ダノンクロム,牡5,58.0,坂井,1:34.6,アタマ,2,4.3,35.9,3-3,栗東東田,534(-2),0,1600,芝,晴,良
12.0,5,7,タガノヘラクレス,牡4,57.0,☆高杉,1:34.7,3/4,11,47.0,35.5,8-9,栗東千田,506(-6),0,1600,芝,晴,良
13.0,4,6,マッハレイジング,牡3,55.0,和田竜,1:35.7,6,13,299.2,36.2,11-11,栗東小崎,470(0),0,1600,芝,晴,良
14.0,1,1,パトジュニア,牡4,58.0,小崎,1:36.2,3,14,440.0,36.2,12-14,栗東小崎,510(-5),0,1600,芝,晴,良
1.0,6,11,グッバイウェーブ,牝3,55.0,横山武,1:08.8,,7,15.1,35.2,1-1,美浦中川,450(-6),1,1200,芝,曇,良
2.0,3,6,フィリグラン,牝3,55.0,原,1:08.9,クビ,14,189.5,34.7,5-6,栗東森田,418(+6),1,1200,芝,曇,良
3.0,5,10,ルブリアン,牡3,54.0,▲鷲頭,1:08.9,クビ,9,36.4,35.1,2-2,栗東佐々木,488(0),1,1200,芝,曇,良
4.0,4,7,ワタシマツワ,牝3,51.0,★小林美,1:09.0,1/2,10,44.2,35.1,3-2,美浦竹内,408(+4),0,1200,芝,曇,良
5.0,1,1,フリアフロリダ,牝3,53.0,北村友,1:09.1,1/2,1,3.9,34.6,8-8,栗東小栗,458(+2),0,1200,芝,曇,良
6.0,5,9,ロネット,牝3,53.0,△長浜,1:09.2,1/2,5,6.7,35.1,5-4,栗東浜田,422(+2),0,1200,芝,曇,良
7.0,2,4,ファリア,牡3,54.0,▲古川奈,1:09.3,3/4,15,231.7,34.5,13-11,美浦土田,446(+2),0,1200,芝,曇,良
8.0,6,12,グリフォン,牝3,55.0,鮫島駿,1:09.4,3/4,3,5.6,34.8,12-11,栗東小椋,424(+4),0,1200,芝,曇,良
9.0,3,5,ゴールドサニーデイ,牝3,55.0,藤岡佑,1:09.5,クビ,6,9.6,34.6,13-15,栗東渡辺,418(+4),0,1200,芝,曇,良
10.0,4,8,デルタニュートラル,牝3,52.0,▲上里,1:09.6,3/4,12,71.7,35.2,8-8,美浦加藤士,420(-10),0,1200,芝,曇,良
11.0,7,13,ユウグレ,牝3,52.0,▲舟山,1:09.6,アタマ,11,49.7,35.7,3-4,美浦宮田,452(+8),0,1200,芝,曇,良
12.0,1,2,ブラックティンカー,牝3,55.0,吉田隼,1:09.7,クビ,4,6.1,35.5,5-7,美浦和田雄,440(+6),0,1200,芝,曇,良
13.0,8,15,ニシノコイブミ,牝3,55.0,武豊,1:09.8,1/2,2,5.1,35.0,13-14,美浦西田,422(-6),0,1200,芝,曇,良
14.0,2,3,クレドール,牝3,55.0,原田和,1:09.8,ハナ,13,140.2,35.3,8-10,美浦小笠,468(0),0,1200,芝,曇,良
15.0,7,14,アドバンスオーセン,牡3,54.0,▲川端,1:10.2,2.1/2,16,323.1,35.1,16-16,栗東森秀,432(+2),0,1200,芝,曇,良
16.0,8,16,シルフラ,牝3,55.0,佐々木,1:10.9,4,8,24.8,36.5,8-11,美浦大竹,450(-2),0,1200,芝,曇,良
1.0,1,1,メイショウホダワラ,牝3,55.0,丹内,0:59.3,,1,1.7,36.3,1-1,栗東荒川,474(-2),1,1000,ダート,曇,良
2.0,7,9,フォレストオール,牝3,53.0,△長浜,0:59.6,1.1/2,2,5.6,36.5,2-2,美浦栗田,440(-8),1,1000,ダート,曇,良
3.0,6,7,バースフラワー,牝3,51.0,★小林美,0:59.7,3/4,4,8.7,36.2,4-4,美浦小手川,448(+2),1,1000,ダート,曇,良
4.0,7,10,ハイエンドモデル,牝3,55.0,武藤,0:59.7,ハナ,3,6.0,36.5,2-3,美浦武藤,454(+18),0,1000,ダート,曇,良
5.0,4,4,テーオーテバルディ,牝3,52.0,▲和田陽,0:59.9,1,8,37.4,36.0,8-7,栗東藤野,446(0),0,1000,ダート,曇,良
6.0,5,6,グランシャット,牝3,52.0,▲上里,0:59.9,クビ,11,54.2,35.9,9-10,美浦宮田,440(-8),0,1000,ダート,曇,良
7.0,5,5,デンリッレハウエル,牝3,55.0,鮫島駿,1:00.4,3,7,34.1,36.4,9-7,美浦林,420(+18),0,1000,ダート,曇,良
8.0,8,12,テーオーシュターデ,牝3,52.0,▲橋木,1:00.5,1/2,9,45.2,36.8,6-7,栗東宮,432(+4),0,1000,ダート,曇,良
9.0,8,11,サトミノマリア,牝3,52.0,▲舟山,1:00.7,1.1/4,10,46.7,36.2,12-11,美浦鈴木伸,480(-14),0,1000,ダート,曇,良
10.0,6,8,エファセデリエール,牝3,55.0,佐々木,1:00.7,ハナ,5,18.4,36.4,11-11,美浦伊坂,476(-4),0,1000,ダート,曇,良
11.0,3,3,キムケンフォトン,牝3,55.0,吉田隼,1:00.8,3/4,12,216.6,37.2,6-4,栗東矢作,426(-6),0,1000,ダート,曇,良
12.0,2,2,エイシンカリス,牝3,55.0,川又,1:01.6,5,6,27.4,38.2,4-4,栗東吉村,440(+6),0,1000,ダート,曇,良
1.0,7,10,サンライズバレット,牡3,57.0,鮫島駿,1:46.1,,2,3.4,38.3,6-6-2-2,栗東茶木,506(0),1,1700,ダート,晴,良
2.0,6,9,メイショウタイピン,牡3,57.0,横山和,1:47.0,5,1,2.9,39.0,10-10-4-4,栗東飯田,502(+4),1,1700,ダート,晴,良
3.0,1,1,キンセンオー,牡3,54.0,▲和田陽,1:47.7,4,5,12.4,40.0,2-2-1-1,栗東中尾,486(+6),1,1700,ダート,晴,良
4.0,8,13,ジョードリウム,牡3,57.0,横山武,1:47.7,クビ,3,6.3,39.1,8-8-10-8,栗東清水久,504(0),0,1700,ダート,晴,良
5.0,4,4,フルセンド,牝3,54.0,☆松本,1:47.8,クビ,9,30.8,39.6,4-4-5-6,栗東福永,464(+4),0,1700,ダート,晴,良
6.0,8,12,ニホンピロカスター,牡3,54.0,▲森田,1:47.9,クビ,10,39.9,39.6,3-3-5-7,栗東大橋,470(+4),0,1700,ダート,晴,良
7.0,5,6,オドラニャソンソン,牡3,54.0,▲舟山,1:48.0,1,11,64.0,39.8,6-6-5-5,栗東東田,452(-6),0,1700,ダート,晴,良
8.0,3,3,トモジャイブ,牡3,57.0,古川吉,1:48.3,1.3/4,4,8.3,39.5,10-10-11-10,栗東大根田,484(+2),0,1700,ダート,晴,良
9.0,2,2,ヴィータレヴィス,牡3,57.0,北村友,1:48.6,1.3/4,6,13.7,40.8,1-1-2-2,栗東池添,484(0),0,1700,ダート,晴,良
10.0,4,5,インターステラ,牡3,55.0,△長浜,1:48.6,クビ,8,26.6,40.1,8-8-8-8,美浦中舘,478(+6),0,1700,ダート,晴,良
11.0,7,11,レヴァンティス,牝3,55.0,佐々木,1:50.2,10,12,116.6,41.8,4-4-8-11,栗東友道,458(-8),0,1700,ダート,晴,良
12.0,5,7,デルマイオ,牡3,54.0,▲鷲頭,1:51.7,9,13,267.0,42.5,12-12-12-12,栗東畑端,466(-6),0,1700,ダート,晴,良
13.0,6,8,ナルサー,牡3,53.0,★小林美,1:52.3,3.1/2,7,16.3,41.3,13-13-13-13,美浦武市,492(+8),0,1700,ダート,晴,良
1.0,6,12,アオイタケル,牡3,57.0,藤岡佑,2:00.2,,1,1.9,36.0,2-2-2-2,栗東四位,484(-2),1,2000,芝,晴,良
2.0,1,2,メイショウキンタイ,牡3,57.0,武豊,2:00.6,2.1/2,2,2.9,36.0,7-6-5-3,栗東高橋亮,476(+4),1,2000,芝,晴,良
3.0,2,3,カリータフェリス,牝3,51.0,★小林美,2:00.8,1,6,32.8,35.6,16-16-14-13,美浦鈴木慎,426(-2),1,2000,芝,晴,良
4.0,7,13,ヤマニンヒストリア,牡3,57.0,鮫島駿,2:00.9,1,3,7.8,36.4,4-4-3-3,栗東中村,458(+8),0,2000,芝,晴,良
5.0,6,11,コンスピラシー,牝3,53.0,△長浜,2:01.1,1,9,72.8,36.2,10-9-10-11,美浦本間,454(+6),0,2000,芝,晴,良
6.0,7,14,クラウドプリーザー,牝3,55.0,横山和,2:01.2,クビ,7,37.6,36.6,5-5-5-7,美浦菊沢,476(+8),0,2000,芝,晴,良
7.0,3,5,ウインイルネージュ,牝3,55.0,丹内,2:01.3,3/4,5,14.5,36.4,12-11-10-8,美浦和田郎,432(+14),0,2000,芝,晴,良
8.0,2,4,キタノアンシェル,牝3,55.0,佐々木,2:01.4,クビ,10,74.8,36.4,15-12-12-8,美浦蛯名利,414(0),0,2000,芝,晴,良
9.0,8,16,アウルムレガリア,牝3,52.0,▲上里,2:01.4,クビ,16,372.1,36.2,9-10-14-15,美浦池上,404(+6),0,2000,芝,晴,良
10.0,5,9,ダイハッシュウ,牡3,54.0,▲森田,2:01.5,クビ,15,299.0,36.2,10-12-14-16,栗東牧田,446(+12),0,2000,芝,晴,良
11.0,8,15,ノボリユーミン,牝3,52.0,▲柴田裕,2:01.7,1.1/2,11,179.3,37.1,13-12-5-5,栗東石橋,470(-4),0,2000,芝,晴,良
12.0,3,6,ドルチェリターン,牡3,57.0,北村友,2:01.8,1/2,4,12.3,38.4,1-1-1-1,栗東池添,464(+6),0,2000,芝,晴,良
13.0,1,1,マナミン,牝3,52.0,▲橋木,2:01.9,3/4,14,267.0,36.9,7-8-12-13,栗東高橋康,442(+10),0,2000,芝,晴,良
14.0,4,7,スリーセンス,牝3,55.0,横山武,2:02.0,1/2,8,54.1,37.3,13-12-8-8,栗東中竹,434(+4),0,2000,芝,晴,良
15.0,5,10,セブンスプリングス,セ3,54.0,▲舟山,2:02.2,1.1/4,12,205.3,37.8,3-3-3-5,栗東中村,474(+2),0,2000,芝,晴,良
16.0,4,8,アルファシリウス,牡3,54.0,▲川端,2:02.2,クビ,13,265.7,37.5,5-6-8-11,栗東矢作,466(+10),0,2000,芝,晴,良
1.0,6,10,ブラックチャリス,牝2,55.0,浜中,1:08.2,,3,7.2,34.4,3-2,栗東武幸,432(0),1,1200,芝,曇,良
2.0,3,4,トウカイマシェリ,牝2,55.0,鮫島駿,1:08.7,3,1,2.1,35.3,1-1,栗東高柳大,446(0),1,1200,芝,曇,良
3.0,6,11,ショウナンカリス,牝2,55.0,北村友,1:08.9,1.1/4,4,9.0,35.3,2-2,美浦加藤士,404(0),1,1200,芝,曇,良
4.0,5,8,ワイズギャング,牝2,55.0,古川吉,1:09.1,1.1/4,10,58.5,34.8,6-6,栗東河嶋,442(0),0,1200,芝,曇,良
5.0,5,9,シャインフォーミー,牝2,55.0,丹内,1:09.3,1.1/2,2,5.9,34.6,8-8,美浦尾関,434(0),0,1200,芝,曇,良
6.0,8,14,スノーランス,牝2,55.0,佐々木,1:09.7,2,11,77.6,35.4,6-7,美浦上原佑,450(0),0,1200,芝,曇,良
7.0,4,6,プレセピオ,牝2,55.0,岩田康,1:09.9,1,6,12.2,35.8,4-4,栗東笹田,460(0),0,1200,芝,曇,良
8.0,2,2,ステイフリー,牝2,51.0,★小林美,1:10.2,2,7,20.9,34.2,13-13,栗東高橋忠,444(0),0,1200,芝,曇,良
9.0,3,5,セレーノ,牝2,55.0,武豊,1:10.3,1,5,9.4,34.6,11-11,栗東高橋亮,444(0),0,1200,芝,曇,良
10.0,8,15,ラインカシウス,牝2,55.0,武藤,1:10.6,1.1/2,8,28.7,34.9,11-11,美浦水野,388(0),0,1200,芝,曇,良
11.0,7,13,トーセンライティア,牝2,55.0,原田和,1:11.0,2.1/2,14,148.4,35.7,10-10,美浦上原博,442(0),0,1200,芝,曇,良
12.0,7,12,ハチハチローズ,牝2,52.0,▲川端,1:11.0,ハナ,13,141.1,36.9,4-4,美浦松永康,366(0),0,1200,芝,曇,良
13.0,1,1,ワンインザスカイ,牝2,55.0,横山武,1:11.0,クビ,9,33.1,35.9,9-9,栗東松永幹,474(0),0,1200,芝,曇,良
14.0,4,7,モルトカリーナ,牝2,55.0,柴田大,1:14.1,大,15,206.5,38.2,13-14,美浦粕谷,422(0),0,1200,芝,曇,良
15.0,2,3,アルティオーラ,牝2,53.0,△長浜,1:16.1,大,12,81.4,38.1,15-15,美浦浅利,406(0),0,1200,芝,曇,良
1.0,1,1,スターオブロンドン,牡2,52.0,▲古川奈,0:59.6,,2,4.4,35.9,4-4,栗東矢作,476(0),1,1000,ダート,曇,良
2.0,4,4,タイセイガナール,牡2,53.0,△長浜,0:59.7,クビ,3,4.6,36.2,1-1,美浦伊藤圭,476(0),1,1000,ダート,曇,良
3.0,3,3,リオマダムレッド,牝2,51.0,★小林美,1:00.8,7,4,8.0,36.4,6-6,栗東前川,446(0),1,1000,ダート,曇,良
4.0,7,7,ワイドアルバ,牡2,55.0,丹内,1:00.9,1/2,5,9.1,37.3,2-2,栗東藤野,472(0),0,1000,ダート,曇,良
5.0,5,5,トーセンクリステル,牝2,55.0,原田和,1:01.1,1.1/4,7,14.4,37.5,2-2,美浦杉浦,462(0),0,1000,ダート,曇,良
6.0,2,2,ジェム,牝2,55.0,鮫島駿,1:01.6,3,8,19.1,37.7,5-5,栗東杉山佳,394(0),0,1000,ダート,曇,良
7.0,8,9,ウレシイゴサン,牡2,55.0,佐々木,1:02.1,3,1,2.7,36.9,7-7,美浦伊藤大,476(0),0,1000,ダート,曇,良
8.0,6,6,ラブミーヘンリー,牝2,55.0,古川吉,1:02.2,1,9,61.3,36.7,9-9,栗東宮,426(0),0,1000,ダート,曇,良
9.0,8,8,ディオスデルマール,牝2,55.0,荻野琢,1:02.6,2,6,12.2,37.3,7-8,栗東秋山,462(0),0,1000,ダート,曇,良
1.0,2,4,ハートメテオ,牝3,55.0,鮫島駿,1:46.9,,1,1.9,35.0,5-5-5-4,栗東笹田,442(-4),1,1800,芝,曇,良
2.0,6,12,パーフェクトパール,牝3,55.0,佐々木,1:47.5,4,3,8.1,35.7,4-4-2-2,栗東中内田,476(0),1,1800,芝,曇,良
3.0,3,5,デルマケセラセラ,牝3,55.0,横山和,1:47.6,1/2,2,4.0,36.1,1-1-1-1,美浦小野,432(0),1,1800,芝,曇,良
4.0,1,2,スイートフェアリー,牝3,52.0,▲鷲頭,1:47.9,1.3/4,8,29.4,35.7,10-10-8-9,栗東佐々木,434(0),0,1800,芝,曇,良
5.0,3,6,グラツィオーソ,牝3,55.0,柴田大,1:47.9,クビ,5,13.2,35.9,5-6-6-7,美浦田中剛,464(-8),0,1800,芝,曇,良
6.0,7,13,ホウオウハナビ,牝3,53.0,△長浜,1:48.0,3/4,7,26.0,35.9,7-7-6-6,美浦奥村武,480(0),0,1800,芝,曇,良
7.0,5,10,ディアイライザ,牝3,52.0,▲上里,1:48.1,クビ,15,271.3,35.7,11-11-11-11,美浦加藤和,422(+6),0,1800,芝,曇,良
8.0,5,9,ピースオブライツ,牝3,55.0,藤岡佑,1:48.1,アタマ,13,84.7,35.3,14-14-13-11,栗東武英,418(+4),0,1800,芝,曇,良
9.0,4,7,サトノビエント,牝3,55.0,北村友,1:48.4,2,9,45.8,36.6,2-2-2-4,栗東上村,414(+16),0,1800,芝,曇,良
10.0,1,1,オントゥザステージ,牝3,52.0,▲舟山,1:48.5,1/2,10,78.4,36.2,8-7-10-7,栗東藤原,434(+20),0,1800,芝,曇,良
11.0,4,8,ユナホークパワー,牝3,55.0,黛,1:48.6,3/4,12,82.6,35.5,12-12-14-14,美浦小西,450(+6),0,1800,芝,曇,良
12.0,8,15,ソレエスピアージャ,牝3,55.0,武豊,1:48.9,1.1/2,4,9.4,36.5,12-12-11-11,栗東松永幹,458(+14),0,1800,芝,曇,良
13.0,2,3,エムティヒララ,牝3,52.0,▲柴田裕,1:49.4,3,16,277.1,36.0,16-15-15-15,栗東千田,418(0),0,1800,芝,曇,良
14.0,7,14,ピンクパラダイス,牝3,55.0,荻野琢,1:49.4,クビ,11,79.4,37.7,2-2-2-2,栗東大久保,438(-6),0,1800,芝,曇,良
15.0,8,16,フューチャーファン,牝3,55.0,横山武,1:49.4,ハナ,6,25.8,37.2,8-9-8-9,美浦国枝,446(0),0,1800,芝,曇,良
16.0,6,11,シフグナーデ,牝3,51.0,★小林美,1:50.9,9,14,170.7,37.3,15-16-16-16,美浦松永康,420(+24),0,1800,芝,曇,良
1.0,8,12,テイエムタリスマ,牡4,54.0,★小林美,0:58.8,,3,4.4,35.8,2-2,栗東高橋一,470(-2),1,1000,ダート,曇,良
2.0,2,2,サウンドモリアーナ,牝3,53.0,武豊,0:58.9,1/2,2,3.6,35.8,3-2,栗東武英,436(+4),1,1000,ダート,曇,良
3.0,6,7,モンシェリ,牝4,56.0,鮫島駿,0:59.1,1.1/2,1,3.2,34.7,9-9,栗東牧田,462(+2),1,1000,ダート,曇,良
4.0,4,4,スイッチオン,牡5,56.0,△長浜,0:59.2,1/2,8,55.7,35.1,8-7,美浦小手川,490(0),0,1000,ダート,曇,良
5.0,3,3,オンマガトオル,牝6,56.0,横山和,0:59.3,1/2,5,7.7,35.9,5-4,美浦土田,528(+2),0,1000,ダート,曇,良
6.0,5,6,ナリノエンブレム,牝3,53.0,丹内,0:59.5,1.1/4,4,7.0,36.7,1-1,美浦加藤征,474(-4),0,1000,ダート,曇,良
7.0,1,1,ヒメカミノイタダキ,牡6,55.0,▲和田陽,0:59.7,1,9,73.8,36.3,5-4,美浦武市,506(-4),0,1000,ダート,曇,良
8.0,7,10,ホーリーブライト,牝4,56.0,川又,0:59.8,1,7,18.4,34.7,11-11,美浦竹内,458(+4),0,1000,ダート,曇,良
9.0,5,5,レジュークレール,牝5,56.0,原,0:59.9,1/2,10,76.2,35.3,10-10,美浦青木,448(-4),0,1000,ダート,曇,良
10.0,8,11,ゲッティン,牝5,53.0,▲古川奈,1:00.1,1.1/2,11,83.2,36.2,7-7,美浦加藤征,490(-4),0,1000,ダート,曇,良
11.0,6,8,タミゼ,牝4,56.0,荻野琢,1:00.1,ハナ,12,129.1,34.8,12-12,栗東平田,490(+2),0,1000,ダート,曇,良
12.0,7,9,ブルドッグキング,牡3,52.0,▲舟山,1:00.7,3.1/2,6,17.0,37.5,3-4,美浦斎藤誠,502(-4),0,1000,ダート,曇,良
1.0,4,4,カウスリップ,牝3,53.0,横山和,1:08.4,,1,2.5,34.6,1-1,美浦中舘,528(+4),1,1200,芝,曇,良
2.0,8,9,マキシマムドライブ,牡3,55.0,丹内,1:08.4,クビ,2,2.8,34.6,2-2,地方田中淳,528(-4),1,1200,芝,曇,良
3.0,7,7,ミクストベリーズ,牡3,55.0,横山武,1:08.7,1.1/2,3,5.5,34.7,3-3,美浦伊藤圭,476(-4),1,1200,芝,曇,良
4.0,8,10,ヒラボクカレラ,牡3,55.0,岩田康,1:08.8,1/2,5,16.1,34.7,3-3,栗東奥村豊,464(-2),0,1200,芝,曇,良
5.0,5,5,ラブディーヴァ,牝4,56.0,武豊,1:09.1,2,4,5.6,34.6,8-7,美浦田中勝,452(+2),0,1200,芝,曇,良
6.0,1,1,ナムラトロム,牡3,55.0,吉田隼,1:09.1,クビ,6,24.7,34.8,5-5,美浦石栗,446(-4),0,1200,芝,曇,良
7.0,3,3,ブラヴィーノ,牡6,58.0,長浜,1:09.2,3/4,10,238.1,34.5,10-10,美浦天間,468(0),0,1200,芝,曇,良
8.0,7,8,スプリングデイ,牝4,56.0,黛,1:09.2,ハナ,7,46.5,34.7,8-7,美浦伊藤大,424(+8),0,1200,芝,曇,良
9.0,2,2,アルマロクザン,牝5,56.0,松岡,1:09.3,クビ,8,70.8,35.0,5-5,美浦伊藤伸,480(+12),0,1200,芝,曇,良
10.0,6,6,ジーティーポライト,牝4,56.0,上里,1:11.9,大,9,134.1,37.6,5-7,美浦加藤和,456(-6),0,1200,芝,曇,良
1.0,5,5,マイファミリー,牡4,58.0,黛,2:41.6,,3,4.8,35.3,2-2-2-1,美浦深山,446(-2),1,2600,芝,曇,良
2.0,4,4,ローレルオーブ,牡3,54.0,鮫島駿,2:41.6,ハナ,6,10.9,34.8,6-6-6-5,栗東杉山佳,456(+4),1,2600,芝,曇,良
3.0,1,1,ペリプルス,牡5,58.0,柴田大,2:41.8,1.1/2,8,19.1,35.3,5-4-3-3,美浦佐藤吉,446(-2),1,2600,芝,曇,良
4.0,3,3,ビッグベルーガ,牡5,58.0,松岡,2:41.9,クビ,5,9.6,35.0,7-7-6-7,栗東牧浦,470(+4),0,2600,芝,曇,良
5.0,2,2,イゾレエオリア,牝5,56.0,佐々木,2:42.2,2,1,3.3,35.7,3-4-3-3,美浦伊藤大,464(+8),0,2600,芝,曇,良
6.0,6,6,マハートマーベル,牡3,54.0,丹内,2:42.3,クビ,7,15.6,35.1,8-7-8-8,栗東西村,468(+14),0,2600,芝,曇,良
7.0,8,8,オールデュスヴラン,牡4,58.0,北村友,2:43.3,6,4,6.2,36.8,3-2-3-5,栗東池江,498(+10),0,2600,芝,曇,良
8.0,7,7,オロスコピオ,牝3,52.0,原,2:43.6,1.3/4,2,3.7,37.3,1-1-1-2,美浦青木,438(+16),0,2600,芝,曇,良
1.0,3,5,ゴールドサーベル,牡4,58.0,武豊,1:08.9,,8,20.0,33.8,9-9,栗東大久保,472(-2),1,1200,芝,曇,良
2.0,5,9,ゴキゲンサン,牝5,56.0,岩田康,1:09.0,1/2,2,5.2,34.4,4-5,美浦伊藤大,504(0),1,1200,芝,曇,良
3.0,4,7,エヴァンスウィート,牝4,56.0,鮫島駿,1:09.1,クビ,3,7.3,34.3,7-7,栗東友道,460(+22),1,1200,芝,曇,良
4.0,3,4,スクルプトーリス,牝5,56.0,泉谷,1:09.1,クビ,6,16.9,34.7,2-3,栗東松下,478(-6),0,1200,芝,曇,良
5.0,7,12,アップストローク,セ6,58.0,浜中,1:09.1,クビ,7,18.1,33.8,12-12,美浦杉浦,462(-8),0,1200,芝,曇,良
6.0,2,2,タイキエクセロン,牡6,58.0,国分恭,1:09.2,クビ,10,40.5,34.8,2-2,栗東西園翔,508(0),0,1200,芝,曇,良
7.0,6,11,アイオブザストーム,牝5,56.0,古川吉,1:09.3,3/4,14,126.3,33.9,13-12,栗東岡田,486(+6),0,1200,芝,曇,良
8.0,2,3,マルプリ,牝5,56.0,原,1:09.3,ハナ,5,8.9,34.6,4-5,美浦青木,476(-2),0,1200,芝,曇,良
9.0,6,10,スミレファースト,牝4,56.0,丹内,1:09.3,クビ,4,7.7,34.3,9-9,美浦加藤征,452(-4),0,1200,芝,曇,良
10.0,7,13,ファイツオン,牡4,58.0,藤岡佑,1:09.4,アタマ,1,2.5,35.2,1-1,栗東藤岡,512(-4),0,1200,芝,曇,良
11.0,4,6,マイネルビジョン,牡5,58.0,松岡,1:09.4,ハナ,12,87.8,34.5,7-7,美浦伊藤大,470(+2),0,1200,芝,曇,良
12.0,1,1,シックザイン,牡6,58.0,武藤,1:09.5,3/4,13,99.9,34.9,4-3,美浦水野,482(-2),0,1200,芝,曇,良
13.0,5,8,ルージュシュエット,牝4,56.0,吉田隼,1:09.6,1/2,11,72.2,34.6,9-9,栗東矢作,442(-14),0,1200,芝,曇,良
14.0,8,15,ディージェーサン,牝6,56.0,黛,1:09.6,クビ,15,143.5,34.1,13-14,美浦堀内,432(-6),0,1200,芝,曇,良
15.0,8,14,ラホーヤストーム,牝5,56.0,佐々木,1:10.6,6,9,22.5,34.7,15-15,栗東藤野,470(-16),0,1200,芝,曇,良
1.0,2,2,サムシャイン,牡3,55.0,横山和,1:45.1,,1,1.2,35.9,1-1-1-1,美浦鈴木慎,480(+8),1,1700,ダート,小雨,良
2.0,1,1,リーゼノアール,セ5,58.0,北村友,1:46.1,6,6,21.4,36.6,4-4-3-3,美浦国枝,490(-4),1,1700,ダート,小雨,良
3.0,5,5,サンダーロード,牡3,55.0,鮫島駿,1:46.1,クビ,5,17.9,36.7,2-2-2-2,栗東杉山晴,534(-14),1,1700,ダート,小雨,良
4.0,7,7,ロングウェイホーム,牡3,55.0,武豊,1:46.3,1.1/4,2,5.1,36.6,7-6-5-4,美浦伊坂,524(0),0,1700,ダート,小雨,良
5.0,4,4,トモジャザーン,牡4,58.0,古川吉,1:46.5,1.1/2,3,12.1,36.7,6-6-7-5,栗東大根田,502(-2),0,1700,ダート,小雨,良
6.0,3,3,タマモネモフィラ,牝5,52.0,★小林美,1:47.0,3,8,97.8,36.9,8-8-8-8,栗東大橋,466(-2),0,1700,ダート,小雨,良
7.0,8,8,メレカリキマカ,牡7,56.0,△長浜,1:47.6,3.1/2,7,65.2,37.9,5-5-5-5,美浦小島,496(-2),0,1700,ダート,小雨,良
8.0,6,6,ガラスノブルース,牡4,58.0,丹内,1:47.8,1,4,17.0,38.3,3-3-3-5,美浦田村,456(+8),0,1700,ダート,小雨,良
